Date,DBC,DJP,GSG,GSP
2018-05-28,0.9915966946778709,0.9912871683168316,0.9874571842954857,0.9840803056651125
2018-05-21,0.9759430849675731,0.990584542958023,0.9663912396694213,0.9609064589235128
2018-05-14,1.0161111666666667,1.0087059754649783,1.013400335008375,1.015535156244831
2018-05-07,1.0180995475113122,1.010395841663335,1.0176136363636363,1.0223528823529413
2018-04-30,1.00683377032083,1.0008003201280513,1.010332950631458,1.0107015457788349
2018-04-23,1.005727377189426,1.0044212622355813,0.9988531537354843,0.9988123515439429
2018-04-16,1.0127609628770302,1.0032258065816857,1.0210773419203751,1.026829268292683
2018-04-09,1.017709503086806,1.013485901654512,1.0307785153892575,1.0333963453056079
2018-04-02,1.0113433432835823,1.0140903445540967,1.0115995733577274,1.0179602309172546
2018-03-26,0.9870360039502657,0.9938219936646622,0.9820143285371703,0.9755944931163955
2018-03-19,1.026618147210033,1.0104036616561107,1.0277264325323474,1.0343042071197412
2018-03-12,0.9933895428719679,0.98564405191321,1.0006165845016388,0.9987071751777632
2018-03-05,0.9946203825463239,0.9882447912444264,0.984223240291262,0.9847231063017186
2018-02-26,0.9870205907362484,0.993956486704271,0.9862358459746169,0.9831038798498123
2018-02-19,1.0198555944731893,1.015963978714695,1.0245248328954528,1.029639175257732
2018-02-12,1.0240296364756625,1.0204677936312532,1.027078022670025,1.0284956925115971
2018-02-05,0.9643493761140823,0.9755501232457162,0.9319248279386839,0.9508506616257087
2018-01-29,0.9784883152041673,0.9711120300751879,0.9999999999999999,0.9706422018348625
2018-01-22,1.016548522458629,1.021010101010101,1.0161002385211688,1.0237946149029429
2018-01-15,1.0017762582460783,1.007326007326007,1.0035907243321798,0.9999999999999999
2018-01-08,1.0113771250672379,1.0086206482503837,1.017041935483871,1.0217530390275111
2018-01-01,1.0005991611384564,0.9910496745321401,1.0036651799838006,1.0019230769230771
2017-12-25,1.0152068117270794,1.025448520043743,1.0148792321685824,1.0182767624020888
2017-12-18,1.033312445003143,1.029639088073922,1.0359665382145151,1.0478796169630646
2017-12-11,0.9943750000000001,1.0038809830150501,0.997437540038437,0.9932065217391299
2017-12-04,0.9937888198757759,0.9793074746621623,0.9974440894568688,0.9979661016949154
2017-11-27,0.9811090798293723,0.9850249174282479,0.9861373660995588,0.9820239680426099
2017-11-20,1.01358857235401,1.0096598912078913,1.0153550863723606,1.0210740992522092
2017-11-13,0.9902141284403668,0.9863297425985807,0.9892405063291138,0.9826319305277221
2017-11-06,0.9891106479666879,0.9869174156548413,0.9850373450724846,0.9868160843770603
2017-10-30,1.035065810895429,1.027731093602147,1.0395334413480235,1.0462068965517242
2017-10-23,1.0237179487179489,1.0063424524312896,1.0272969374167777,1.031294452347084
2017-10-16,0.998719590268886,0.9953703703703701,0.9947019867549667,0.9936395759717315
2017-10-09,1.0249343832020996,1.0263498920086394,1.0314207650273222,1.0366300366300367
2017-10-02,0.9980353634577603,1.0065217391304344,0.9938900203665987,0.9963503649635038
2017-09-25,0.9738520408163266,0.9762309412661692,0.9742063492063495,0.9681978798586571
2017-09-18,1.0234986945169713,1.0042625747767508,1.023004059539919,1.0305899490167516
2017-09-11,1.0112211221122112,1.0034217281189792,1.0186078566505858,1.021577380952381
2017-09-04,0.9999999999999999,0.9953171136653896,0.9965659340659339,0.9904200442151805
2017-08-28,1.0236486486486485,1.023083668252773,1.0282485875706218,1.0382555470543229
2017-08-21,1.0095497953615278,1.0070175441674358,1.0056818181818183,1.0046118370484245
2017-08-14,1.0006825938566555,0.999123531989483,0.9971671388101986,0.9984650805832694
2017-08-07,0.9865319865319865,0.9917427205562798,0.9785169785169786,0.974569932685116
2017-07-31,0.9873670212765958,0.9888268156424583,0.9876796714579056,0.9859882005899704
2017-07-24,1.0386740331491713,1.0260141093474426,1.0465616045845272,1.0577223088923555
2017-07-17,0.9999999999999999,0.9991188987172289,0.9971428571428569,0.9961149961149963
2017-07-10,1.0118798043326345,1.0053144818423383,1.015965166908563,1.0214285714285714
2017-07-03,0.9801369863013698,0.9899167465987175,0.9745403111739744,0.9699769053117784
2017-06-26,1.0541516245487363,1.0458505293833342,1.0583832335329344,1.071782178217822
2017-06-19,0.9871703492516039,0.9900135274619369,0.9852507374631267,0.9821717990275525
2017-06-12,0.9887244538407328,0.9887791746508449,0.9833212472806384,0.9762658227848102
2017-06-05,0.9895397489539749,0.991985841139174,0.9835948644793153,0.9790859798605732
2017-05-29,0.9722033898305085,0.9833624781085816,0.974287699791522,0.9655946148092746
2017-05-22,0.9723137771918259,0.9731572634493935,0.9709851551956816,0.9688405797101449
2017-05-15,1.0319727891156465,1.021767523803549,1.027027027027027,1.0344827586206897
2017-05-08,1.0208333333333333,1.0195294265632742,1.0285103349964364,1.034910783553142
2017-05-01,0.9710047201618341,0.9719586281276963,0.9702627939142462,0.9633781763826607
2017-04-24,0.9933020763563296,1.0078260869565216,1.0048644892286311,1.0007479431563204
2017-04-17,0.9619845360824744,0.9700548700993198,0.9529801324503312,0.9488999290276792
2017-04-10,0.9993560849967805,1.0016898605830162,0.9966996699669967,0.9957597173144874
2017-04-03,1.025082508250825,1.0145735105015004,1.032719836400818,1.0358711566617862
2017-03-27,1.0174613834788448,1.0060370415680449,1.0194579569145237,1.0262960180315552
2017-03-20,0.9939919893190922,0.9897567648314128,0.9890034364261168,0.985925925925926
2017-03-13,1.0060443250503692,1.0107851596203623,1.0048342541436464,1.007462686567164
2017-03-06,0.9544871794871794,0.9642262494082258,0.9457870672762901,0.9364081062194269
2017-02-27,0.9961685823754787,0.9999999999999999,0.9941558441558446,0.9958246346555322
2017-02-20,0.9936548223350253,0.9897076990651421,0.9916291049581456,0.9889883000688233
2017-02-13,0.9930686830497797,0.9902160623637969,1.0038784744667095,1.0013783597518953
2017-02-06,1.0037950664136623,1.0090498563985957,1.0006468305304008,0.9999999999999996
2017-01-30,1.0095785440613028,1.010810811260325,1.0078226857887875,1.0125610607117932
2017-01-23,0.9867674858223062,0.9792345268417968,0.9858611825192805,0.9835277968428278
2017-01-16,0.9993702770780852,0.9971579373592342,0.9961587708066583,0.9979452054794523
2017-01-09,1.0186016677357281,1.0344393126601983,1.0202482037883736,1.0231254379817798
2017-01-02,0.9961661341853034,1.0008406052610086,0.9928664072632944,0.9951185495118549
2016-12-26,0.9917617237008873,0.981840734626496,0.9871959026888605,0.9781718963165074
2016-12-19,1.0147909967845656,1.0150816499756328,1.0156046814044213,1.0201809324982603
2016-12-12,0.9904458598726117,0.9798850582970011,0.9909793814432989,0.9869505494505493
2016-12-05,1.0012755102040816,1.0016447779605264,1.0104166666666667,1.0090090090090091
2016-11-28,1.0411686586985391,1.0274609209970427,1.049180327868852,1.0649446494464943
2016-11-21,0.9986737400530504,1.0102432778489117,0.9938900203665987,0.9941305942773293
2016-11-14,1.0486787204450623,1.036725663716814,1.0597122302158273,1.072383949645948
2016-11-07,0.9742547425474255,0.979202772963605,0.9768095572733662,0.973946360153257
2016-10-31,0.9866310160427809,0.9863247863247864,0.9773351648351647,0.9695393759286776
2016-10-24,0.9752281616688395,0.9819555182543014,0.95852534562212,0.9552874378992193
2016-10-17,1.003926701570681,0.9987426236905855,1.0033025099075301,1.001421464108031
2016-10-10,0.995439739413681,0.9970748432929378,0.9895424836601308,0.9859845830413454
2016-10-03,1.013870541611625,1.0139830508474577,1.0254691689008042,1.0295815295815298
2016-09-26,1.0320381731424675,1.0120068610634647,1.0318118948824344,1.038202247191011
2016-09-19,1.0166320166320166,1.0147954743255008,1.0197461212976027,1.0245587106676899
2016-09-12,0.9849829351535834,0.9930856090356788,0.9759119064005508,0.9709388971684053
2016-09-05,1.0110420979986197,1.0104803056768559,1.0182200420462508,1.022086824067022
2016-08-29,0.9783929777177585,0.9849462365591398,0.9707482993197278,0.9626099706744866
2016-08-22,0.9886515353805073,0.9847521819249391,0.9872397582269982,0.9848375451263538
2016-08-15,1.012162162162162,1.004680893617021,1.0094915254237287,1.0146520146520146
2016-08-08,1.0249307479224377,1.0146804835924006,1.0343618513323984,1.0419847328244274
2016-08-01,1.029223093371347,1.0171277997364954,1.043160204828091,1.0496794871794872
2016-07-25,0.9743055555555555,0.9865684575389948,0.9592982456140351,0.951219512195122
2016-07-18,0.9690444145356663,0.9636742812662095,0.9608900876601482,0.9548762736535661
2016-07-11,1.002699055330634,1.0075726125368112,1.0088435374149658,1.0080704328686723
2016-07-04,0.981456953642384,0.9814203543113276,0.9696569920844327,0.9666666666666666
2016-06-27,1.008010680907877,1.006650041839154,0.9980250164581963,0.9985835694050993
2016-06-20,0.9720960415314731,0.9701612891194067,0.9601769911504423,0.9495628782784129
2016-06-13,1.0032552083333335,1.0040485018603844,1.0031705770450223,1.0081355932203386
2016-06-06,1.012524719841793,1.0093993465222457,0.995580808080808,0.9939353099730457
2016-05-30,1.0312712440516656,1.0417198382290336,1.027237354085603,1.0284130284130282
2016-05-23,1.0089163237311387,1.0103225806451612,1.0111475409836068,1.0147679324894514
2016-05-16,0.995901639344262,0.9885204081632655,0.9883344134802334,0.9895615866388313
2016-05-09,1.0601013758146272,1.048595630851538,1.0700416088765599,1.0845283018867924
2016-05-02,0.9603616133518778,0.9593670213587266,0.963259853039412,0.9552992069214131
2016-04-25,1.0234875444839855,1.024539833479404,1.025342465753425,1.0319940476190477
2016-04-18,1.0315712187958885,1.0311794410835717,1.0281690140845072,1.0338461538461539
2016-04-11,1.0194610778443114,1.0221708545034642,1.0099573257467993,1.0085337470907678
2016-04-04,1.0372670807453415,1.0304616849119463,1.0579382994732882,1.0741666666666667
2016-03-28,0.9619118745332339,0.9664213431462743,0.9506437768240343,0.9360374414976598
2016-03-21,0.9831130690161527,0.9810469314079419,0.9728601252609603,0.9712121212121214
2016-03-14,1.0225225225225225,1.0216689247732167,1.0264285714285712,1.0352941176470585
2016-03-07,0.9947722180731888,1.0,0.9964412811387897,0.9929906542056074
2016-02-29,1.0501960784313729,1.0498548402710557,1.0643939393939394,1.0817186183656273
2016-02-22,1.0095011876484559,1.0009690407446241,1.0107197549770288,1.0127986348122866
2016-02-15,1.0218446601941749,1.0202668808699948,1.0340459224069676,1.0371681415929204
2016-02-08,0.991178829190056,0.9877929687500001,0.98671875,0.9860383944153577
2016-02-01,0.9944178628389155,0.9941747572815535,0.978593272171254,0.9761499148211243
2016-01-25,1.0338004946413848,1.025385764061722,1.0389197776012709,1.0454140694568124
2016-01-18,1.0133667502088555,1.0095477386934677,1.0136876006441222,1.015370705244123
2016-01-11,0.9614457831325304,0.9778869778869779,0.9583333333333333,0.9493562231759657
2016-01-04,0.9389140271493212,0.9558477709794377,0.9178470254957509,0.9024012393493418
2015-12-28,1.0045454545454544,1.0004699247899471,1.0035536602700779,1.004669260700389
2015-12-21,0.999242997728993,1.0047214825306894,1.0100502512562815,1.0134069400630916
2015-12-14,0.9828869047619048,0.9957686882933712,0.9837570621468927,0.9761354888375673
2015-12-07,0.9753265602322209,0.9770326136885624,0.9587000677048071,0.9544452608376196
2015-11-30,0.971106412966878,0.9784269662921348,0.9522888459058672,0.941217150760719
2015-11-23,0.993002099370189,0.9941912866037217,0.9897894065092533,0.9904109589041096
2015-11-16,0.9951253481894149,0.9833039982425305,0.9917721518987342,0.991174473862865
2015-11-09,0.9709263015551048,0.97724341016559,0.9622411693057246,0.9552529182879378
2015-11-02,0.9781746031746033,0.9659892175035578,0.9687315062695276,0.960149499386644
2015-10-26,1.0113712374581938,0.9987573321771884,1.0180180780780783,1.022929872611465
2015-10-19,0.987450462351387,0.980105561514639,0.9776863782920504,0.9733416598475921
2015-10-12,0.9761444229529337,0.9797136030116786,0.9753723926330123,0.9699338526719093
2015-10-05,1.0104234527687295,1.0161681083265965,1.0104165503231162,1.0140243292682927
2015-09-28,1.027443105756359,1.0197856553998348,1.0224852662721897,1.0282131661442009
2015-09-21,0.984189723320158,0.9845779620364432,0.9785755645628257,0.9743432514145843
2015-09-14,1.009308510638298,0.9987839075800568,1.010532475131656,1.0117429542645242
2015-09-07,0.9817232375979112,0.9903653151344841,0.9754566210045663,0.9706058788242351
2015-08-31,0.9764181007010835,0.9845850191535579,0.9642267473858007,0.9585969498905663
2015-08-24,1.0865650969529086,1.0607966037735848,1.1278708176368208,1.1493720423000662
2015-08-17,0.945645055664702,0.9513362584762666,0.9285303170028817,0.919198111737431
2015-08-10,0.9689086294416245,0.9679536679536683,0.9665737623078685,0.9603267188055262
2015-08-03,1.0187459599224304,1.0249307479224377,1.0129797975722232,1.0154028445143868
2015-07-27,0.9772583701831966,0.9828860747913681,0.97362626518537,0.9701148850574713
2015-07-20,0.954764776839566,0.9515173575129534,0.9484106332250841,0.9400324149108589
2015-07-13,0.9594906852146593,0.9605403825289863,0.9652918493607572,0.9615584415584416
2015-07-06,1.00640658124636,1.0046428214285712,1.002016078629032,1.0020823009933526
2015-06-29,0.9744607846503528,0.9831460674157302,0.9579913548040249,0.9509900024262374
2015-06-22,1.006282181610508,1.0060049807843512,0.9961519001369937,0.996055227018973
2015-06-15,0.9999999999999998,0.9971821062762276,0.9961667467097867,0.9950933265502123
2015-06-08,0.9960182025028442,0.9961403157894739,1.002401585014409,1.002459370388588
2015-06-01,0.99490662139219,0.9954593431875428,0.9830028328611897,0.9811776535317402
2015-05-25,1.001700737057865,1.001399055613851,1.0119445771619684,1.016683023389746
2015-05-18,0.9586955978260872,0.9549097877451642,0.9649607669451005,0.9577066749197989
2015-05-11,1.0143330217383144,1.0190606541545495,1.0107177078619622,1.016236866464333
2015-05-04,0.9934282037239869,0.9972844534040887,0.993978647522001,0.9905393562222969
2015-04-27,1.0144444444444443,1.0190245243860256,1.0241935483870972,1.028210118103605
2015-04-20,1.0078386893707338,1.0076681419425537,1.0071667462971812,1.007843088235294
2015-04-13,1.02880184165888,1.0239115274803714,1.040775681711801,1.0472279260780284
2015-04-06,0.9914335237007424,0.9821240454916212,0.9925962981243831,0.9908443540183114
2015-03-30,1.0138969310943835,1.016387638047738,1.0263424518743673,1.0250260688216895
2015-03-23,0.9919586444572085,0.9842215988779803,0.9969697473217044,0.9984383653533767
2015-03-16,1.028352037802717,1.0359607324387672,1.0307131718226532,1.0366971377929228
2015-03-09,0.9663242009132421,0.9680028140645985,0.9435166039530157,0.9387031914893619
2015-03-02,0.9782244556113903,0.9803516373664254,0.9873908832497146,0.9850298909665722
2015-02-23,1.0039237668161438,1.0045014198234563,1.0088062618000853,1.0121213137435008
2015-02-16,0.9743310198979259,0.9743589734938926,0.9632423168351707,0.9542168192771083
2015-02-09,1.0060438458217666,1.0057685784108785,1.012404580744493,1.0181551039330279
2015-02-02,1.0317461469243852,1.0236192419722387,1.04226742703792,1.046201180698152
2015-01-26,1.023795647127104,1.0080532915985048,1.0523286210189107,1.0610021208604505
2015-01-19,0.9953784514950003,0.9882352595155709,0.988107600827301,0.9855073529526224
2015-01-12,0.9982698385236445,0.996895481200414,0.9907786885245902,0.9867584738749192
2015-01-05,0.9649416229795005,0.9764230051726842,0.9466536883291129,0.9402389940239045
2014-12-29,0.9656097815362824,0.9808391476709615,0.9537465331292075,0.9476167556575384
2014-12-22,0.9862215163634596,0.9847104749512038,0.9773960227216988,0.9751496088357112
2014-12-15,0.993157947368421,0.9768033357738587,0.9888243187829987,0.9890760577640446
2014-12-08,0.958627648839556,0.9871392718676059,0.9422915332771695,0.9372866067710491
2014-12-01,0.9510556621880999,0.9611094640403656,0.9346456692913387,0.9279493665874902
2014-11-24,0.9670534091440097,0.9787547647906394,0.9523809523809522,0.9471316085489314
2014-11-17,1.0,0.9982326362818074,0.9977553310886647,0.9988763670832821
2014-11-10,0.9898943040881947,1.0098156457410958,0.9841678939617085,0.9819786692909647
2014-11-03,0.9841771706972346,0.9882421810699589,0.9883551673944689,0.9872912132428755
2014-10-27,1.0009050226244343,1.0077014814989032,0.9974592013596806,0.9945828821024599
2014-10-20,0.9995476707576813,1.000889356655796,0.9956631369714491,1.000722840621612
2014-10-13,0.9787517042939354,0.97881604697667,0.9770480225988701,0.9688375689368898
2014-10-06,0.9770760823063978,0.9933698470270927,0.9632653061224491,0.9655172075726843
2014-09-29,0.9784173499118646,0.99483796945334,0.9760955851229886,0.9711096838840997
2014-09-22,1.0063883730834753,1.0148427818730272,1.0148248315363884,1.017707951887738
2014-09-15,0.9840737223774633,0.9750283498848836,0.9857189974852543,0.9832456970024409
2014-09-08,0.9734802529579761,0.9729431537011829,0.9766461563412262,0.9790929880990674
2014-09-01,0.9935143899473042,0.9931450509145859,0.9983808613465304,0.9980738362760837
2014-08-25,0.9903653151344844,1.0002743280382427,0.9951659041196935,0.9914067472947166
2014-08-18,1.0072786089769508,1.0027502199463636,1.0035576002587319,1.0057618437900127
2014-08-11,0.9766982622432859,0.9771567314473727,0.9729389247029918,0.9692832764505118
2014-08-04,1.0003951402763784,0.9965184520621317,0.9962382758620693,0.995060234487812
2014-07-28,0.9871294846774369,0.9880920617070108,0.9806332917501781,0.9812178419398874
2014-07-21,0.9992205378020265,0.9999999999999999,0.9960195652173912,0.9990919189136825
2014-07-14,0.9926499032882015,0.9918635953734172,1.000612775754068,0.998488999697794
2014-07-07,0.9870179080940088,0.9806949797011574,0.979297841026232,0.9798637844240451
2014-06-30,0.9853273513920242,0.9850405422170523,0.9826062489744253,0.9836876793657047
2014-06-23,0.9910514541387022,0.987728499874781,0.9926836401921946,0.9879137266187049
2014-06-16,1.0132225543340596,1.0116543954483304,1.0073702834534366,1.0081229762656518
2014-06-09,1.011850114678899,1.0056051210191082,1.0201503157894738,1.0201242965337582
2014-06-02,1.0061538461538457,1.0017866258295047,1.0084925384139358,1.0053555487844228
2014-05-26,0.9919878287671817,0.9929042319539846,0.9868303202633946,0.9885294411764708
2014-05-19,0.9984761523809523,0.9912081891181062,1.0011987114533627,1.0047281323877066
2014-05-12,1.0034403669724772,0.9962462962023596,1.0063329010856454,1.0071429170918405
2014-05-05,0.9977117085321019,0.9940298011435372,1.0018127493542446,1.0014902832038834
2014-04-28,0.9901812311178246,0.9933283915658908,0.9930991903330816,0.9888004420866493
2014-04-21,0.9973635027255555,1.0062158128737988,0.9922596606132776,0.9909462037998713
2014-04-14,1.0015088268577894,0.9987584057611126,1.004185321250065,1.0064668430335098
2014-04-07,1.01922337562476,1.0189777327935223,1.0238752080731681,1.0265540442532906
2014-03-31,0.995788629563988,1.0017743725785966,0.9909007282104724,0.9895490301851874
2014-03-24,1.0143689708737864,1.0123171667355098,1.0129032876467985,1.0154639781685872
2014-03-17,1.0003885003885005,0.9928662675159238,1.005250092487644,1.003651825817047
2014-03-10,0.9873417721518984,0.9871730878859702,0.9844938274397639,0.9858985607021569
2014-03-03,0.9841449603624008,0.9974911440669555,0.9803278682661061,0.979430002334117
2014-02-24,1.0068415433995264,1.015024216959511,1.0111512658227848,1.0118940823106128
2014-02-17,1.0061185086042064,1.0071812768822122,1.0060642813826566,1.0026833630684746
2014-02-10,1.0307449337506924,1.040565811567499,1.0293382949644725,1.0323176034276633
2014-02-03,1.0196946149394945,1.0157224726408915,1.0190839688586524,1.0210560025141417
2014-01-27,0.9987956242472903,1.0059994821924996,1.0006365690642904,0.9996858309770659
2014-01-20,0.9975971564916764,1.0060355828248124,1.0051183621241202,1.006959790985138
2014-01-13,1.0048289336016094,1.0027511143191807,1.0116504854368933,1.012492056774249
2014-01-06,0.9876788553259142,0.9928980335182179,0.9888000000000001,0.9876620693558344
2013-12-30,0.9789882887553195,0.9854643076466053,0.9674922900152411,0.96460180042722
2013-12-23,1.0015588854247857,0.9949116764863416,0.9981457973378924,1.0
2013-12-16,1.0074597961311267,1.0094619621810241,1.015374960295734,1.0164391429007975
2013-12-09,0.9929824171539963,1.000811769502483,0.9971840424650827,0.9962917491875234
2013-12-02,1.0066718995290422,1.0241063729564974,1.0059804532577905,1.0096724495997644
2013-11-25,0.9980414806877603,0.9964107952399006,1.0025244240288915,1.0015624687499998
2013-11-18,1.0138999602859415,1.0134303014308732,1.0176622356346254,1.0165184243964422
2013-11-11,0.9936858721389109,0.9905764971964249,0.9948881787504212,0.9930599055817064
2013-11-04,1.000789889415482,1.0025006944984334,1.005783997243445,1.008590550429526
2013-10-28,0.9753467247822314,0.9674731460356683,0.9670603169670602,0.9661850896460218
2013-10-21,0.9908396186702434,0.9901517434122972,0.9895448954489543,0.9893551706400496
2013-10-14,1.0022954094221657,0.9973454206182861,0.9920683646146545,0.9939540209217639
2013-10-07,1.0030698389512602,1.0039978144989334,1.0055215034062268,1.0003024493498636
2013-09-30,1.0116459239130433,1.0069780465366642,1.0067942246203139,1.0097709923664122
2013-09-23,0.9996119518820337,0.9981247255223826,1.000308989814921,0.9987800854290914
2013-09-16,0.9907727797001152,0.9896606842613813,0.9791287967595648,0.9843890728193014
2013-09-09,0.9818799546998868,0.9861438169934644,0.9827586796301631,0.9817271146478043
2013-09-02,0.9884328727027191,0.9865875677069897,0.9842012580456406,0.9921052341489698
2013-08-26,1.0029940120880991,1.0018087596431848,1.0267347243395997,1.0154394596199527
2013-08-19,1.0109723420355652,1.0128239207752925,1.0048294595584228,1.0032767351802203
2013-08-12,1.0165384615384616,1.0235734517238977,1.0125305619642246,1.0141994570513266
2013-08-05,1.0093167701863355,1.019666784494215,1.0055316531797276,1.006384889218148
2013-07-29,0.9969040247678018,0.9883909290391218,1.0040111385374886,1.0051955377385227
2013-07-22,0.9858832882824605,0.9716684672525832,0.9839101695176129,0.9816981409122028
2013-07-15,1.0045994250670753,1.0108724479149418,1.003045036540804,1.0054298639258001
2013-07-08,1.0155702212701354,1.0145278727214353,1.0246490179297667,1.0228325208269056
2013-07-01,1.0158165276466382,1.0108783791134075,1.0348724583426692,1.0324944578685713
2013-06-24,0.9988152053712482,0.9911051747226512,1.0094523794002612,1.0073812259306807
2013-06-17,0.9605462458062879,0.9608908842038103,0.9611528822055136,0.9659021057595852
2013-06-10,1.0053395120266788,1.0057307112719645,1.0165605095541403,1.0109682858038231
2013-06-03,1.001527845683728,0.9899432694673354,1.005443483829651,1.0107697180867914
2013-05-27,0.9939255884586182,0.9946139269241379,0.988917036098797,0.9865625
2013-05-20,0.9996204933586338,0.9969317566624452,0.9959003783002325,0.9907121049756068
2013-05-13,1.0045749142203582,1.0048818861707036,1.0073061944091486,1.0144472047738695
2013-05-06,0.9916823821670177,0.9951418308580458,0.9962025316455698,0.9906658677867416
2013-04-29,0.999244503182641,0.9861321482602121,1.0022200760475715,1.0065768556216725
2013-04-22,1.0255714849117197,1.027993725868651,1.0324165018855107,1.0343375110353898
2013-04-15,1.0070230201725718,1.0115365236375597,1.0079208583472232,1.0065210629279429
2013-04-08,0.9581308037383178,0.9604633583596914,0.9540301952141056,0.9542626308109096
2013-04-01,0.9794947264553178,0.9863388219741093,0.9665246206170233,0.9648753538014001
2013-03-25,1.0047828918322297,0.9889461800281548,1.0113880879416381,1.009699878163087
2013-03-18,0.9977973568281938,1.0022156573662149,0.9957095005911891,0.9966768578052481
2013-03-11,1.000734790622145,1.000492635492248,1.0033825645756456,1.0027264466965435
2013-03-04,1.0141579359165422,1.0096990552026626,1.0093109556390145,1.0107164115125535
2013-02-25,0.9770659256303578,0.9950507052709724,0.9766595649190929,0.9708680431292521
2013-02-18,0.9727336756373938,0.9803493211948247,0.9663152597046065,0.9700115051903113
2013-02-11,0.9926185942840564,0.9901513334097688,0.9959159858785294,0.9959793222286041
2013-02-04,0.9989466643258427,0.98602558062469,1.0032192275808736,1.0043265650029747
2013-01-28,1.0171428571428571,1.0149039189857654,1.0130447079750964,1.013742601937351
2013-01-21,0.9978617604369836,0.9871855478686652,1.0047661602621387,1.0014640994750161
2013-01-14,1.0104428880086425,1.0159112584378014,1.0123642943305189,1.0112526502813148
2013-01-07,1.0068890500362582,1.011707317073171,1.0097442143727162,1.0113806831800147
2012-12-31,0.9928005402159631,0.9915357190585599,1.0015248245951565,1.0033052885608562
2012-12-24,1.0127597885526798,1.0043721158305619,1.0151703410269457,1.0143248395512088
2012-12-17,0.9963675627908621,0.9870534401115667,1.0009296250387356,1.0036709086470146
2012-12-10,0.9992741197558668,0.9957030316472435,1.0062363579669475,1.0095737489322496
2012-12-03,0.977990734824281,0.983564193472646,0.9677127630571143,0.9674335235305189
2012-11-26,1.0053533190578157,1.000234805061775,1.0119083664122135,1.0057091948830887
2012-11-19,0.9996432037230398,1.0051936023325398,0.9942319670380078,0.9931364066330295
2012-11-12,1.0203859490493614,1.017535430758217,1.023935376060639,1.0272838451037352
2012-11-05,1.003653562160995,0.999040148742028,1.0028053614211119,1.0003065930602084
2012-10-29,0.9931060229719169,0.9839433286395904,0.988902681532142,0.991185380475053
2012-10-22,0.9888768572344148,0.9803240050850927,0.9779921904125533,0.9797498523079303
2012-10-15,0.9809926434354101,0.9990749075358508,0.9807805440567714,0.9761627920835585
2012-10-08,0.9982431833535905,0.9878912954078136,1.011061255274701,1.0099824130950554
2012-10-01,0.9909470748937004,0.9855888313442918,0.9873081467736676,0.9875325898792349
2012-09-24,1.0137662901517825,1.0190453869185228,1.0113433134328356,1.0138154614932393
2012-09-17,0.9799377378069873,0.9875368459656277,0.9744036947526559,0.973947895791583
2012-09-10,0.9965529127886933,1.0031825186095693,0.9924942838479875,0.9931760587532589
2012-09-03,1.0072917016420728,1.0070971153846153,1.0055151812622587,1.0065826847905746
2012-08-27,1.0144417053343324,1.0160501969737057,1.011747489331791,1.0104105546321254
2012-08-20,1.0003523608298932,1.0018644138895363,0.9964881765576925,0.995967770853463
2012-08-13,1.0197628099173552,1.018514098777258,1.0261260968806638,1.0244910600321941
2012-08-06,1.0054190751445087,0.9889672060547983,1.0063462979752191,1.0071321541080442
2012-07-30,1.003625815808557,0.982472255939293,1.0085339528029882,1.0114217613465584
2012-07-23,1.0195933833491082,1.014031876240967,1.0145331168831169,1.0146385783885765
2012-07-16,1.0007398445897209,1.0118315197270003,1.0074766982851528,1.0058283132410009
2012-07-09,1.0250284404615682,1.0190498428008234,1.029506029506094,1.0309929465214123
2012-07-02,1.0260700378961074,1.0292876637059403,1.0280250576986483,1.030974926638409
2012-06-25,1.0430195634342354,1.0416236039296796,1.049480968858131,1.0514226945491945
2012-06-18,0.9903536973614829,1.003632563476062,0.9783344286278123,0.9782025486250838
2012-06-11,1.00810368719611,1.0203865766481335,1.0092244960710628,1.0142857142857145
2012-06-04,0.9927594130024371,0.9976227945688643,0.9888513513513514,0.985254691689008
2012-05-28,0.9583654603559959,0.973014674890774,0.9520746220649727,0.9473015873015872
2012-05-21,0.974455297728952,0.9626423039407374,0.9715625000000001,0.9689326957202521
2012-05-14,1.0110140903911888,1.0271918692346569,1.0037641469185743,1.0049459044788813
2012-05-07,0.9687270051508462,0.9637520468404581,0.9689968711856005,0.9679832416507026
2012-04-30,0.9567053854276664,0.9693732898711607,0.9492210617426429,0.9464740032151231
2012-04-23,1.015005359056806,1.0243190667392768,1.0143401237541771,1.0169930870681716
2012-04-16,0.9975053812368276,0.9985429577464786,0.9956293123543121,0.9974145361271322
2012-04-09,0.9821490724536226,0.9814108908820518,0.9927682962105873,0.9855606172140431
2012-04-02,0.9794309221803223,0.9794584267040147,0.9768296404868507,0.9743448275862069
2012-03-26,0.9962431353742097,0.9937369289321055,0.9882713770379399,0.9931506849315069
2012-03-19,0.9915340334732804,0.9862732094777674,0.9927918214582756,0.9915783485037124
2012-03-12,1.008882849333789,1.0101686850011555,1.009233295510168,1.0093227307561627
2012-03-05,0.9976141785957736,0.9869981751824818,0.9955431757357563,0.9956319957512422
2012-02-27,0.9966032270175532,0.9862766932221216,0.997499305501567,0.9964636287521019
2012-02-20,1.0102951959607138,1.0072513028041854,1.0143743517474637,1.013230402790254
2012-02-13,1.0217390953716687,1.0177583021734704,1.031095611740773,1.033323781449052
2012-02-06,1.00210825727717,0.9931287448465417,1.0070237639463717,1.0103597410071945
2012-01-30,1.0200716487455197,1.0083141110465152,1.0103488468361914,1.0110561830391671
2012-01-23,1.0061305445366027,1.0072109091783712,1.0014806040864672,1.0005822707762606
2012-01-16,1.0090975254730712,1.0175148402366865,1.0002962677900635,1.0029196496350365
2012-01-09,0.994931173246518,0.9855376950207064,0.9932331866294094,0.9884559314022551
2012-01-02,0.9992764833312765,0.9909847661111776,0.9950234777517564,0.9956897412554526
2011-12-26,1.0191739668446178,1.0154929584738477,1.0224483687518706,1.0250367592036298
2011-12-19,1.04107493439827,1.0420742895774389,1.0569439716246767,1.0639298339078658
2011-12-12,0.9669635498528747,0.9719448413707837,0.9696319920019628,0.9617239300783605
2011-12-05,0.9750272158895122,0.9686780962081112,0.9754637926668936,0.9710272736919681
2011-11-28,1.0244716360575319,1.017100000400562,1.0170419045331127,1.0218301142891781
2011-11-21,0.995570284237726,0.9944094805497323,0.998480735338803,1.005109678388939
2011-11-14,0.9727109515260322,0.9699503375485918,0.9728051449716141,0.9696881093066714
2011-11-07,0.9806338028169015,0.9809396937265003,0.9941229207793987,0.9904734985702512
2011-10-31,1.0245310614910195,1.0084934506708336,1.022228836821002,1.0272834511481777
2011-10-24,1.003983991163202,1.009476579422383,1.0036178175229316,1.0026761819007977
2011-10-17,1.005096541867366,1.0068150840527033,1.0272529257586585,1.0181653653698266
2011-10-10,1.0196732732118308,1.0159242549769558,1.0182908236610162,1.0229172492128442
2011-10-03,1.051522246232543,1.040835958663561,1.065882319327731,1.0713338444370886
2011-09-26,0.9617117853495417,0.9641037748957848,0.9634067669497012,0.9589563792554884
2011-09-19,0.9350648999648999,0.9270072594672708,0.9431886717661164,0.9438438721875037
2011-09-12,0.975017144935563,0.9651886433977888,0.9718018097893087,0.9685863301749176
2011-09-05,0.9841696872964064,0.9905582308998719,0.9985179906035571,1.0035027147403803
2011-08-29,0.9993268932792629,1.0012330661734483,0.9946935138380613,0.9921806832372049
2011-08-22,1.0192109433962264,1.0114321136680084,1.0275674054872708,1.0301312350835319
2011-08-15,1.0030970751237809,1.0083840286812837,0.9868459495711224,0.9864626250735727
2011-08-08,1.047207171171171,1.0451258906845171,1.060894384367447,1.0549519110509753
2011-08-01,0.9164464690737626,0.9291675365526657,0.8919378439568796,0.8989672677104511
2011-07-25,0.9895425163398693,0.9885311873534973,0.9855031777391465,0.9840703652842625
2011-07-18,1.008569545154911,1.0046492822993878,1.016435193640261,1.0144887437862564
2011-07-11,1.0201748486886348,1.0261356985300916,1.0120447952981015,1.0095639946431503
2011-07-04,1.0119088469516448,1.0056320401675434,1.0046096227199546,1.0050890586680534
2011-06-27,1.0403539469026548,1.0291970146330178,1.050226930415338,1.0514268742992532
2011-06-20,0.9717922256621948,0.9724425898771362,0.9720587941176471,0.9647261245978238
2011-06-13,0.9664228723404257,0.971602494352992,0.9547879540918853,0.9600770649779736
2011-06-06,1.0060200668896322,0.9935509873750702,1.0045133990264206,1.004147138741893
2011-05-30,0.9884297520661156,0.9858930464576577,0.977391811414392,0.9783607525463685
2011-05-23,1.047437709398813,1.0396612683329889,1.0461494690596755,1.0473088398671062
2011-05-16,1.007676168876483,1.0106471394301817,1.0043452491309384,1.0028408521920211
2011-05-09,0.9666104553119732,0.9712084752635846,0.9570280011089549,0.9562618865454525
2011-05-02,0.9388853704876504,0.9399656767683309,0.9334886369950477,0.9300151374423883
2011-04-25,0.9987349462765669,0.9962028287906902,0.999224230629647,1.0007586093744276
2011-04-18,1.0206585216268562,1.0231157342657344,1.020585880722773,1.0238156348999317
2011-04-11,0.988828598787105,0.9880998459923166,0.9839003107712446,0.9827016030856878
2011-04-04,1.0106451612903227,1.0069577886757717,1.0097010752412447,1.0121009526261586
2011-03-28,1.0364426613172852,1.0280150992245145,1.0403709492635025,1.041286891187316
2011-03-21,1.0016744473652228,1.0043903611177338,1.002735202332188,1.0026881182073084
2011-03-14,1.0098072708826513,1.0154002640486433,1.0016438630136986,1.0097720141150919
2011-03-07,0.9762297465754457,0.9665099301506084,0.9715198296513177,0.971519038582228
2011-02-28,1.0191790719777614,1.0145042513608484,1.0410085896370183,1.0354997005871027
2011-02-21,1.0373472600349039,1.0321986067349715,1.0235394794974182,1.0350479922258906
2011-02-14,0.995137165851436,0.9886455393349555,1.0164312198452354,1.0193028527600942
2011-02-07,1.0069954879328438,1.0024390040154674,1.0043427329373846,1.0043402197818223
2011-01-31,1.0021030142971254,0.9931368592422919,0.9823663538111492,0.9832147662466705
2011-01-24,1.0292208524249948,1.0193416263103552,1.034421827924576,1.0347365606494978
2011-01-17,0.990353662022151,0.9910276714717032,0.9846466396292005,0.9829282412347153
2011-01-10,1.0200436946048215,1.0206035800333733,1.0219064837746148,1.0221827855018402
2011-01-03,0.9916877846042648,0.9768245573658174,0.9836924577751888,0.9817073746140349
2010-12-27,1.0221647580347248,1.0224485133558818,1.0147754137115839,1.0195381888554826
2010-12-20,1.0134781360343743,1.012415845959596,1.0146927145243005,1.0138054921968787
2010-12-13,1.0079244905660374,1.008703014037295,1.0084668279407318,1.011229104363305
2010-12-06,1.0064565134827195,1.0094279626924347,1.0024249164943972,0.9984848787878788
2010-11-29,1.040300317672869,1.0518368053152312,1.042008907138345,1.046622231315502
2010-11-22,1.0230395715440583,1.010245924874587,1.0366731815103738,1.0314033693163234
2010-11-15,0.9778656512990377,0.9801382954666749,0.9649289415481834,0.9701682005712473
2010-11-08,0.9554380287009063,0.9613816785800969,0.9670027497708524,0.9659718260567698
2010-11-01,1.0449881610102605,1.0481223285783152,1.0517351847128797,1.0522580322580644
2010-10-25,1.0111732247076308,1.0063363205778757,1.0074458403187387,1.0042111757625145
2010-10-18,0.9948391427217488,0.9952702029157569,0.9990297218628718,0.9903753930060956
2010-10-11,1.0067946043165465,1.014161786527222,0.9954926270280949,1.0061329890251778
2010-10-04,1.0390365448504983,1.0493767485767793,1.0284767540239486,1.0278699743818835
2010-09-27,1.0177514792899407,0.9905033710945721,1.0300136766712145,1.0318384125928934
2010-09-20,1.004670955612355,1.010799160585513,1.0044535455822698,1.0003423972485481
2010-09-13,1.0077020963756054,1.0089588137762424,0.9928571768707486,0.9976085070037581
2010-09-06,1.0143229160450125,1.0147419652397551,1.0226086956521736,1.0277387640449438
2010-08-30,1.0240000444444446,1.023641927748588,1.018059490084986,1.0113636363636367
2010-08-23,1.0204082095423226,1.0078579719174152,1.0110991765127102,1.016239661358342
2010-08-16,0.9870187555953447,0.9927025418871392,0.9844906244451666,0.9833214691270403
2010-08-09,0.9559263604652819,0.9749755630508128,0.9440932427318883,0.9440536013400335
2010-08-02,1.0017145735105017,0.9973085147371791,1.001666633333333,0.9943371085942706
2010-07-26,1.0405887600356822,1.047143224369542,1.0369858278603525,1.0441739130434786
2010-07-19,1.0214122541497834,1.0201254845857546,1.024070796460177,1.0224039465716948
2010-07-12,1.0101242982052463,1.0113665338955042,1.010371996079113,1.0206897285186836
2010-07-05,1.0221072436500467,1.0150255433324389,1.0245510434389504,1.027985075671085
2010-06-28,0.9619909502262443,0.9718383818429407,0.9548635759272218,0.9426661625043968
2010-06-21,0.9905872250375272,0.9966215696465696,0.9875604358133919,0.993708458800823
2010-06-14,1.0136301226715125,1.0081216142584024,1.026969517388219,1.0243466165413533
2010-06-07,1.0338186456637553,1.0406215376226826,1.0460281720108322,1.0468515742128934
2010-05-31,0.9879351270503539,0.9873485336555298,0.9908054435157984,0.9881481481481483
2010-05-24,1.0041938492168614,0.9975832439536386,1.0119091919646745,1.0101010101010104
2010-05-17,0.9781220611612551,0.9872746822037464,0.9665468333290229,0.9667269439421338
2010-05-10,0.9448751914244268,0.9607743994281407,0.9338259657373194,0.9303499640090834
2010-05-03,0.9454397371921719,0.9653307088925847,0.9208165220651701,0.9267227627065793
2010-04-26,1.0086241889117042,0.9921931206541535,1.0109444027517198,1.011991132471091
2010-04-19,1.0171261062186256,1.0166171130952384,1.011385167255371,1.016030778581892
2010-04-12,0.9876238036303631,0.9933481152993348,0.9930904836683419,0.987025348101266
2010-04-05,0.9950738507769353,0.9895173086299365,0.9833230085446878,0.9816713569950716
2010-03-29,1.0370370796083441,1.0265265522153795,1.0465416920962605,1.0434359481361426
2010-03-22,1.0029888983774546,1.0012527937860187,1.0016187116095407,1.003578399479506
2010-03-15,1.0077452667814115,1.005289647221923,1.0081592691957986,1.01318391562294
2010-03-08,0.971978251777499,0.9759095624385449,0.9798528621682122,0.9765046668812358
2010-03-01,1.0222317666623242,1.0111856823266219,1.0222294867603794,1.0267680105750165
2010-02-22,0.9819479009235934,0.9903988426981494,0.983285085718898,0.9824675643658299
2010-02-15,1.0042158939382755,1.0012324131131378,1.0230187767181849,1.019192588325367
2010-02-08,1.059401521188098,1.0534926540375307,1.055170020818876,1.064084471830986
2010-02-01,0.9634250860585198,0.9729660448223321,0.9684139784946237,0.9663151060331784
2010-01-25,0.9834955981166145,0.9700981120122086,0.9805601317957165,0.9806473133349122
2010-01-18,0.9633101523314244,0.9714285476190476,0.9481412651134814,0.9587331733845169
2010-01-11,0.9695652952397348,0.9751567216159739,0.9694124167171408,0.9654107175598917
2010-01-04,1.002377139461173,0.9993039906869603,1.00978590184141,1.0003089898149211
2009-12-28,1.0189745660072669,1.0122122117326344,1.0384249285487457,1.026966973350254
2009-12-21,1.0491316794099246,1.0443954378219278,1.0454846930449968,1.0577181562992672
2009-12-14,0.9916002516421779,1.0004907975460122,1.0097217901441502,1.011541073032623
2009-12-07,0.9826660751134955,1.0002454099044966,0.9594724991958827,0.9713154962083742
2009-11-30,0.9825628548256284,0.9857246559049283,0.9866708981275784,0.9714926640452489
2009-11-23,1.0118998353754685,1.0090332765877266,0.9880840698677978,1.0087236830783948
2009-11-16,0.9946939183673472,0.9934513461072035,0.9894507911883338,0.9809826301420803
2009-11-09,1.0144927536231885,1.0190311670546506,1.0009316459337996,1.0063795534290272
2009-11-02,1.0062499999999999,1.0042193595378663,1.0235219969333123,1.0067437702872115
2009-10-26,0.9892827699917559,0.9850855508515622,0.98312496875,0.9907731148584155
2009-10-19,1.000825082508251,0.9869691840484842,0.9773976189738777,0.9858845980515873
2009-10-12,1.046632124352331,1.0388568573290766,1.0581771474409456,1.063020973657886
2009-10-05,1.0339285714285715,1.050013079757142,1.0516655676410607,1.04494769878231
2009-09-28,1.0399256713126428,1.0141485054497734,1.02366040361865,1.0305206822262118
2009-09-21,0.9817684602657949,0.9889123022990416,0.9772186331179871,0.9792545365944255
2009-09-14,1.0054995875343722,1.0069112707844567,0.9764275904240507,1.0014084859154933
2009-09-07,0.9909173478655767,0.9892190373184075,1.0258855577014458,0.9847434119278782
2009-08-31,0.9959293986463411,1.0050211152219872,0.9657895065789476,1.0010413398487104
2009-08-24,0.9621410356832026,0.9715019006032891,0.9505941213258288,0.9511389253503159
2009-08-17,1.0277280399048285,1.0274334212608813,1.096707818930041,1.049549547832656
2009-08-10,0.9604811013539046,0.9626713823597921,0.9427740058195929,0.9505928870028693
2009-08-03,0.982693120190244,0.989447286167017,0.9980638915779284,0.9902152968036528
2009-07-27,1.0417766490765172,1.0621830247615955,1.0395840670776275,1.0499999640410973
2009-07-20,1.0275644386608422,1.0157224726408913,1.0361487313173445,1.0321668422705252
2009-07-13,1.061390839328537,1.0680369986092357,1.0707107900740307,1.0764840153544895
2009-07-06,0.9756667769926639,0.9672361234174216,0.956227793594306,0.9507960184803192
2009-06-29,0.9279201073417235,0.9437103329809724,0.9210095050803014,0.9116094656992085
2009-06-22,1.0272078947368424,1.034162339437005,1.0430769230769232,1.0469613621188316
2009-06-15,0.9585293269999712,0.9596118290162123,0.9450726673643727,0.9479541717824606
2009-06-08,0.9815358371800251,0.998167539314986,1.0130933555840704,1.0125952601922439
2009-06-01,0.9983242145653869,0.9757343307415413,0.9848484526112186,0.9891803278688526
2009-05-25,1.0713644492206258,1.065596076995314,1.0891853932584268,1.0873440672849934
2009-05-18,1.0248390524379025,1.010173302451837,1.0178699070764832,1.026344639590194
2009-05-11,1.0055503697710282,1.0013766244493394,0.9975044918896432,1.0022002200220024
2009-05-04,1.0305052907530983,1.034463086457901,1.061293946273174,1.0524893863373215
2009-04-27,1.0704081632653064,1.0717339176882736,1.0831967213114757,1.081385687870855
2009-04-20,1.008230400811193,0.9927272121212118,1.0041152676590643,1.0050335151006713
2009-04-13,0.9279236311253638,0.9590235396687011,0.9385863243949912,0.9449068569163696
2009-04-06,1.0081809428209363,1.0177461988244245,0.9957691923076923,0.9940898736836044
2009-03-30,1.043696685082873,1.0454545763760048,1.0488099617261009,1.050931635610766
2009-03-23,0.9321160612305213,0.9301121656600517,0.9150978589885567,0.911664779161948
2009-03-16,1.0925832272421085,1.0705049261083746,1.112068919865808,1.1083682008368199
2009-03-09,1.0240963331587216,1.025576255131039,1.0016447779605266,1.0191897219961739
2009-03-02,1.0517906336088156,1.0332789559543232,1.081850533807829,1.068337126727238
2009-02-23,0.9880238983111648,0.9977213866445765,1.0171945701357468,1.0162037499999999
2009-02-16,0.9972856134636265,0.9842999033739154,0.9892569382273948,0.9921910886541114
2009-02-09,0.9109792735400237,0.9155177178058079,0.8709551656920079,0.8676763650856915
2009-02-02,1.0181267865998596,1.0305319812253946,0.993415956622773,1.0186764522402136
2009-01-26,0.959420291815445,0.9607900668022072,0.9545286859345171,0.9418737667304016
2009-01-19,1.039156676706827,1.0326934613077385,1.052529103014432,1.0561389337641356
2009-01-12,0.9745596392094111,0.9759953161592511,0.9507954143249937,0.9552469135802469
2009-01-05,0.9223827166064982,0.9338435793415212,0.8824682299206082,0.8736097067745198
2008-12-29,1.0959446634987473,1.0643003510125209,1.1489121905476365,1.1350421245234175
2008-12-22,1.015060190763052,1.023525817538665,0.9988759460893236,1.0120015098722412
2008-12-15,0.9508352768097721,0.9859072523221595,0.9184446634013995,0.9195443218227125
2008-12-08,1.0164968453907401,1.0097836050993183,1.0136030345308686,1.0207122093023255
2008-12-01,0.9559370109432754,0.949338613828838,0.9326610279765778,0.9148936170212766
2008-11-24,0.9245282590051458,0.9510170783989003,0.9236779123701296,0.9275362318840581
2008-11-17,1.0047393797819637,1.0032223145423032,1.0030138336347196,0.9935662069107295
2008-11-10,0.9419642833589401,0.9370910952646656,0.9140496119572895,0.901408447981454
2008-11-03,0.9812822787223305,0.992755508187747,0.980816021659877,0.9850381112643153
2008-10-27,1.0432073535521396,1.038661078394886,1.0413617602318015,1.0256695870535715
2008-10-20,0.8787879108721398,0.9070369307113708,0.8601161907066798,0.8696918434771136
2008-10-13,0.9484072004296121,0.9565511911999637,0.943809980443353,0.9279441342040082
2008-10-06,0.9876880642954856,0.9773376682653976,0.9519460120919323,0.9479189305408293
2008-09-29,0.8868668217510821,0.8952137285798699,0.9090729788495752,0.9090026598951754
2008-09-22,0.9261236756249257,0.9126370499256328,0.8836681222707424,0.8941707476434899
2008-09-15,1.0804247927033443,1.0545971753554506,1.107778637770898,1.102735775779606
2008-09-08,0.9253018835916348,0.9657634742907996,0.9350461371449249,0.9191137844050253
2008-09-01,0.9681892867914434,0.9706770748178425,0.9588827369688194,0.969981204673696
2008-08-25,0.9608150459983031,0.9521150914421354,0.9577932701894317,0.9547305162025729
2008-08-18,1.025448619049096,1.024440960728739,1.029597929348196,1.0195915656649508
2008-08-11,1.0075574361014152,0.9977516257350398,0.9893364763257793,0.9922569853005438
2008-08-04,0.9590990950272044,0.9596680497925311,0.9385226538757322,0.9508145520050126
2008-07-28,0.9559515219005197,0.9578696038833193,0.964455399009747,0.9636226415094342
2008-07-21,0.9494830603974843,0.9598657555297689,0.9489676933551572,0.948325208297664
2008-07-14,0.9262241582976242,0.9320153728350271,0.9164556462442779,0.9172793767185201
2008-07-07,1.0034942126338893,0.9942024463489472,1.0064369451522062,1.0079407889873158
2008-06-30,1.022554757091442,0.9889525803677087,0.9954611669757752,1.00265388796903
2008-06-23,1.0138103017346753,1.0134637758918306,1.0263050562078384,1.0171413830282834
2008-06-16,1.0140036039025804,1.012338608852451,1.0131870764410453,1.0163236483861824
2008-06-09,1.0249412,1.0307600400431807,1.0139338206643005,1.0091362682485125
2008-06-02,1.0343149184716474,1.0251668287623839,1.0413307910890754,1.0412222704477774
2008-05-26,0.998541871273785,0.996374652403685,0.9953318747484227,0.99755562914929
2008-05-19,1.0137965508745999,1.009454025329246,1.0098704482853764,1.014587891411179
2008-05-12,1.0165289256198347,0.9971112207896254,1.0137395163342222,1.0131539897632875
2008-05-05,1.029654487613576,1.0179538149210061,1.033492791580602,1.0307739949843693
2008-04-28,0.9958911144296638,0.9895849289388124,1.0001543995084037,1.0019843840029192
2008-04-21,1.000256845620344,1.0074063109830678,1.0167948519352512,1.016289218372467
2008-04-14,1.0188432614196095,1.0085589166337094,1.028078069580796,1.0307003193044402
2008-04-07,1.0192050403198163,1.0162897675154199,1.0227760521538207,1.0227309722737212
2008-03-31,1.0480850433324016,1.0298045267164646,1.0471828370690837,1.0469098099640473
2008-03-24,1.0022415523183397,1.0068875368973436,1.0161573940315667,1.0131829657178502
2008-03-17,0.955811435457954,0.9745884609237653,0.9733333162393163,0.9693963516160022
2008-03-10,0.9852242224156083,0.9507673894778116,0.9661436988628191,0.972367576847613
2008-03-03,1.034671061024541,0.9847373339896054,1.0229768545865323,1.0244555942302245
2008-02-25,1.0277778346739013,1.0437295493320247,1.0292123293066364,1.0319793096622063
2008-02-18,1.0232557264854594,1.0233338500879017,1.0169761099376853,1.0115404618209558
2008-02-11,1.0356824550793202,1.03404399385371,1.044707148629094,1.0462861141602635
2008-02-04,1.0357252837780944,1.0340054340396445,1.0409615576923075,1.0421353471470858
2008-01-28,1.0043303121354588,1.0121065375302665,0.9950249137016807,0.9939359674057228
2008-01-21,1.0325775481500332,1.0275457615070194,1.0354665536860201,1.0272532806551156
2008-01-14,0.9660598272138229,0.9535672243201908,0.9458395812248954,0.9550101886036403
2008-01-07,1.015987460815047,1.0323652554233729,1.012908143507973,1.0073033517863914
2007-12-31,1.0107731625720267,1.0165392139427354,0.9988623056935036,1.004325822995141
2007-12-24,1.0134874763483455,1.0106039002624712,1.010344846545118,1.014888318665553
2007-12-17,1.020314515072084,1.017742839500378,1.0340729199683045,1.0162948596759431
2007-12-10,0.9886620994926433,1.012594850431752,1.0200039999998385,1.0260747800129468
2007-12-03,1.011136586598867,1.0074641164396343,0.987627240318754,0.995048524656426
2007-11-26,0.9769600319999999,0.9621184746477834,0.95538608283344,0.9444444995219697
2007-11-19,1.0229132904390605,1.0184677640970519,1.0174588170215095,1.0247268746301272
2007-11-12,1.0039434439697665,0.9958121083689769,1.0029182294584347,1.0081159033816423
2007-11-05,0.9957461058817445,0.9934876807794445,0.9899846683353108,0.991569285142159
2007-10-29,1.0072511206328278,0.9981942578874275,1.011691309431021,1.0055876105746588
2007-10-22,1.0523759972251128,1.0316691691505218,1.057054604676717,1.0591837142857146
2007-10-15,1.008041958041958,0.9931545049612304,1.0010309072164951,1.0010214300097766
2007-10-08,1.0526315789473686,1.0394230576923078,1.0596460563688008,1.0625135880182333
2007-10-01,0.9766355140186919,0.9678019728270985,0.9828215589435256,0.9748201851383913
2007-09-24,1.0065123374280875,1.0042990654205608,0.9927520784480922,0.9991543128785267
2007-09-17,1.0332709906542057,1.0167236985314272,1.016688361870142,1.0182992030506093
2007-09-10,1.0178842839465645,1.0356228688127753,1.038020201619343,1.026973269953571
2007-09-03,1.0115473826020016,1.0057403206650832,1.0199632620484966,1.0291239811348352
2007-08-27,1.0124707716289947,1.0226720233736024,1.0373721512674194,1.0321747049236871
2007-08-20,1.0170432025366627,1.015833867657128,1.022141120298838,1.018416670212469
2007-08-13,0.995266272189349,0.9616373541625468,0.965922419880668,0.9757293570935521
2007-08-06,0.992560650252128,1.005567687302293,1.0082937912726593,0.9993003031879594
2007-07-30,0.983063933795227,0.9768842463092465,0.955832368931716,0.9594988131460911
2007-07-23,0.9885844372684764,1.0086206698937958,1.0068415966632425,1.0131489001779892
2007-07-16,1.0038197478991597,0.9947378679645711,1.0089737461797916,1.0000000000000002
2007-07-09,0.9958158617034667,0.9988320420251515,1.0009212575274646,1.008689709581523
2007-07-02,1.0166279962634186,1.0132149504296855,1.0156724678362572,1.013206672845227
2007-06-25,0.9892885229261105,0.9970502063736563,1.008730509468369,1.0148130969859652
2007-06-18,0.9808630018761725,0.9669138239208974,0.9848943059468813,0.9736721382783883
2007-06-11,1.0257890685142417,1.0229527329313366,1.0336295451926605,1.0392576978172186
2007-06-04,1.0019282684149635,0.9807325822484769,0.9888361752416237,0.9866197411558562
2007-05-28,1.0355430896348605,1.0337211404796123,1.0349065388397247,1.0354885521509127
2007-05-21,0.9750779205607476,0.973320555597718,0.967189705963155,0.9655010099624262
2007-05-14,1.0166270783847982,1.0157924933555762,1.0268555182337773,1.029475767805648
2007-05-07,0.9956641310341297,0.9970840201610425,1.0153693356470002,1.0070559857448167
2007-04-30,0.9921783730934689,1.0007781517206944,0.9676181570548852,0.9732417238929671
2007-04-23,0.9949415955275646,0.9990282021568863,1.0016818837501653,0.9995266272189348
2007-04-16,1.0078431764705884,1.0042943782939684,1.0024084537572255,1.0069113681342081
2007-04-09,1.01593625498008,1.0025440705496698,1.005326900855373,1.0086538706083592
2007-04-02,0.9988062474654299,1.0053117448234605,0.9911207339150822,0.9846153372781066
2007-03-26,1.00681089770877,1.013357296650718,1.0253444642063108,1.0363012018641158
2007-03-19,1.0242100113167822,1.0174442397047512,1.0356778014435368,1.0298055064410203
2007-03-12,0.9955065767973857,0.9979756478552367,1.0010204336474382,0.9934755831104435
2007-03-05,1.0020466639377812,1.0102249484570573,0.9911504928230216,0.9962499499999999
2007-02-26,0.9652311720755106,0.9521028241413002,0.9648694088865863,0.9722897659769024
2007-02-19,1.0450041306772966,1.040518637752864,1.045663289651447,1.0399392810935468
2007-02-12,1.0108514194846168,1.0173124690849136,1.0195058512482227,1.018275496436319
2007-02-05,0.9929548277229521,0.9958948892468207,0.9786205146698772,0.9842917916318269
2007-01-29,1.044588701298701,1.0332979625324301,1.0627535822895975,1.0607364165744806
2007-01-22,1.0056595997239708,0.9991524263435563,1.0024403470054137,1.0067640694470799
2007-01-15,1.0141279911699779,1.0137486576530326,1.020193608841294,1.015942770314932
2007-01-08,0.975452238391569,1.0110772803849417,0.9665775418942492,0.9649867383292645
2007-01-01,0.9756302510769012,0.973979289189761,0.9739583346896701,0.9734056545313711
2006-12-25,0.9766105056786825,0.9674580235886608,0.9648241950960853,0.9600892414476944
2006-12-18,0.9959134448677338,1.0010243802289616,0.9747733786542555,0.977228705843719
2006-12-11,0.9733492431722054,0.9856623788368338,0.9922235726744314,0.9951783751205399
2006-12-04,0.9801169200779728,0.9880287507587542,0.978131732826242,0.9762296551551114
2006-11-27,1.0194753577106517,0.9974129154228855,1.0152027272008384,1.0148078102414093
2006-11-20,1.0298812934916086,1.0286592028110215,1.0211926307938577,1.023716306908738
2006-11-13,0.9938974776240848,0.9987732161112248,0.9883098151897268,0.9917555775094288
2006-11-06,0.9812375641212598,0.9856912733916018,0.985834310404115,0.9821386052803712
