Date,BIV,HYG,IEF,IEI,IGIB,IPE,ITE,TIP
2018-05-28,0.9885847552647018,1.0019953756571143,0.986116504854369,0.9902961101434851,0.9914018878504675,0.9924201768633822,0.9891506360688036,0.9922748803336473
2018-05-21,1.0159620771676747,0.9962581850885703,1.0216226939099382,1.0132784437898719,1.0096244193385766,1.0116852291400402,1.0151437099441798,1.0109515348123599
2018-05-14,0.9967682410230545,0.997317749271137,0.9963434925122345,0.9985732964560828,0.9986807576577316,0.9965429584523829,0.998282116445321,0.9965113248366462
2018-05-07,0.9987584606297283,1.0029239766081872,0.9960626634929686,0.9979899665328315,0.9999058136230247,0.9969163432447606,0.9974297121756387,0.9970567071782901
2018-04-30,0.9977703456792888,0.9976663126370939,0.9989183775492148,0.9989960257445454,0.9977436871722538,0.994946778559827,0.99931505139332,0.9956487168488706
2018-04-23,1.0011161210455866,1.0004668806693027,1.002266640363983,1.0016761397921554,1.0000940391124484,1.002714477115978,1.0012000685341995,1.0023142234501863
2018-04-16,0.9912722923484277,0.9912058086370242,0.9896615818751737,0.994250462557279,0.9951347491604556,0.9949585344804008,0.9955624167946747,0.994159773574732
2018-04-09,0.9964478074038193,1.0096974183758576,0.9960170682724487,0.9965952831190049,0.9985052130044842,1.000720738738739,0.9976162097735399,1.001417846724286
2018-04-02,1.0003675774982532,1.0074152190138328,0.9982544511756853,0.999087355837446,1.0005608150846586,1.0009016952046585,0.9993193806363788,0.9998227607028594
2018-03-26,1.0044307815384614,0.9940329707027848,1.0068346515687299,1.0029122898984855,1.0022485104412313,1.0012639941989165,1.0022169338713667,1.0043602599491082
2018-03-19,0.9990163285622442,1.0002341018221452,1.0014667155998838,1.0008327614784684,0.9987835314160469,1.0028975008529972,1.000853370882403,1.002318890412445
2018-03-12,1.0002460214056335,0.9944140230420109,1.0010766738027927,1.0,0.9997193638967379,0.9994570316742082,1.0,1.0002677045327044
2018-03-05,1.0008616445313054,1.002099125364432,1.00215815181169,1.000833463889812,0.9990654392523363,0.999819073464317,1.0006831938630774,0.9999107760911825
2018-02-26,0.995466205177476,0.9908712619497193,0.9969682347188265,0.9980036766095184,0.9961828136604483,1.0003619840564089,0.9984652114335815,1.0005354962465594
2018-02-19,1.0022104998157926,1.0045269760991997,1.0034347202466198,1.002000316669437,1.0010251630559117,1.0036337390328176,1.0020505639097745,1.0029540954521001
2018-02-12,0.9976721025114397,1.0072489536682916,0.9971621489937925,0.9974229113191212,0.9980467119701101,1.0003635223555072,0.9974433610855076,1.0011650564408485
2018-02-05,0.9931857264541248,0.9975507463856016,0.9915583541928655,0.9963554875418995,0.9948181919126492,0.9877917237380301,0.9962642043855362,0.9892721075514488
2018-01-29,0.9938323619825283,0.9804459798895131,0.9956525553926661,0.9990897632932724,0.9961286938174705,0.9978502508061625,0.9996604820913257,0.9972590892530343
2018-01-22,0.9992749486404832,0.9980597352867016,0.9976867662650604,0.9985951078655465,1.0008302213868963,1.0000000000000002,0.9986438040805627,0.9996464468768467
2018-01-15,0.9937552897954349,1.0010282646067434,0.9916841619666176,0.9956393039687402,0.9959574235927019,0.995896538731428,0.9967894896924638,0.9962137800475477
2018-01-08,0.9972454730538923,0.995790637183376,0.9954329685144235,0.9977015350517158,0.9986237085718634,0.9982190027348531,0.998481525223553,0.9979788840603105
2018-01-01,0.9992819770053131,1.0064117932865486,0.9988595039074369,0.9986064595230176,0.9994497386721781,1.0001781795542959,0.9988203572632289,1.0
2017-12-25,1.0004789391934483,1.0024101802735055,1.0013323086918098,1.0011489536503726,1.000458752293578,1.0042933272166965,1.0001685150794366,1.0045904308314835
2017-12-18,0.992867261310012,0.998052623205523,0.9924443235486681,0.99542516149252,0.9964347746594753,0.9907834807083828,0.9958039612016123,0.9963936758484706
2017-12-11,1.0009519514403622,0.9991988096875766,1.0003779384118645,1.0001634528978138,1.001189804115142,1.0008869789052153,1.000503828723826,1.0007922887463432
2017-12-04,0.9997621103916752,1.0002290211844078,0.9996222043716152,0.9996732745242178,0.9998170204944551,0.9987597448398253,0.9994964249917281,0.9995600176056308
2017-11-27,0.9954997158811055,0.9971461186563042,0.9955806205092733,0.996013683631853,0.9964438770209515,0.9962929745351111,0.9964877237583588,0.9958815195614741
2017-11-20,1.0039234454414048,1.0012572865757752,1.0032072068067692,1.0017113438327059,1.002834656181419,1.0015912482038323,1.0020111111785188,1.001491935098515
2017-11-13,1.0017865888731134,1.0050545087287361,1.0021743524501263,0.9998370080704714,1.0009152297105028,1.002659120723276,0.9998324061662202,1.0021987687475489
2017-11-06,0.9931393187468732,0.9893170244190711,0.993239427230047,0.9961851135434687,0.9949007648879985,0.9961151157316772,0.9968264739740516,0.996145067427239
2017-10-30,0.9995270631466763,0.9947993327800789,1.002541626587359,0.9997565041039556,0.998272866134481,1.0021235711245295,0.9991655707331631,1.0034285626373627
2017-10-23,1.0010652621864191,0.9984196974114324,1.000847974381458,1.0009747542768683,1.0006367109216534,1.002661408753346,1.0006679525606557,1.0029095574485907
2017-10-16,0.996696956353555,1.0023760919566447,0.9949381233595798,0.9976499108970842,0.9985468119627032,0.9964639321700153,0.9983327942647551,0.9960480812492819
2017-10-09,1.0034326940068885,0.9996605927084905,1.0041415851683284,1.000811021878077,1.0009090727272727,1.003548615976781,1.001335525831869,1.0039675983771401
2017-10-02,0.9995268102056366,1.0006791850747978,0.9999999999999999,1.0001622647644568,1.0009098998924493,1.00159944908477,0.9991659883375149,1.0003528047368004
2017-09-25,0.993768301219225,0.998530684950361,0.9900288880817983,0.9945143594265435,0.9965542618163633,0.9906690315258633,0.9956818135804986,0.9915172626413163
2017-09-18,1.00070602425476,1.0012447662811552,1.000372900168907,0.9999193191907774,1.0005443295128953,0.9985934951020835,1.0006647997561842,0.9991262647215272
2017-09-11,0.9961321847163619,1.003406415351425,0.9930568411328506,0.9952633509194501,0.9982791233301648,0.9973698403887399,0.9956974681449611,0.9971249172079187
2017-09-04,0.996496110844565,0.9994325578949425,0.9954842411670033,0.9979969553400682,0.99828215186767,0.9982495711841488,0.9983479431413835,0.9993034825064994
2017-08-28,1.002458716662746,0.9987532585712366,1.0055601703063601,1.0028121404693249,1.00153941863624,1.0086511654069767,1.0023182646517348,1.0059555176037838
2017-08-21,1.0036428437988916,1.007651953121333,1.0025084076784507,1.0009651198637648,1.001360192262608,1.0015915119644827,1.0009944803250628,1.001403288933607
2017-08-14,1.0017657563896087,0.9973800774874121,1.003262167925602,1.0013690746777655,1.0021810069065793,1.0021265107212476,1.0009955533432886,1.0017571340713407
2017-08-07,1.0010605232022092,0.992425977757472,1.0028040284662867,1.0020982486611814,1.0,1.0010644137141105,1.0016619910806712,1.0005274085701932
2017-07-31,0.999646625040012,0.9949386460493241,1.0013102480357556,1.0002422263539448,0.99800469802277,1.0015991471499495,0.9998337986041874,1.0008797993707619
2017-07-24,0.9996467380981332,1.0012387499581503,0.9979452507705241,0.9997578323054528,1.0009986382024758,1.0001776968189084,0.999833876056386,1.0007043669536118
2017-07-17,1.0031895569240505,1.0027100836203724,1.0050690040840042,1.0019406970476383,1.0021835864913626,1.0026728617725027,1.0021644688284304,1.0026483315911752
2017-07-10,1.0066596031233015,1.0098061690925715,1.0058539795730723,1.0035705184556396,1.00475367035378,1.007721314557754,1.0025037723251544,1.0077394801978656
2017-07-03,1.000475823897353,0.9969307264188844,0.9985857627491188,1.0004059344049356,1.0001828472125291,0.9958869991375894,1.0005009852955746,0.9953954130877536
2017-06-26,0.986270852073799,0.9960371490036233,0.983038270303441,0.9915479113366842,0.9927385312288015,0.9850272679231987,0.992870170902501,0.9863743730696893
2017-06-19,1.004005702309344,0.9988690567489045,1.0044688109312423,1.0023398498896263,1.0015454363636362,1.0088857295183935,1.001993719920148,1.0082782472493639
2017-06-12,1.0011794998959602,0.9994348027643858,1.0015852853708558,1.0000807068506414,1.0015478284339827,0.9962818696883854,1.0,0.9966646449574302
2017-06-05,0.998821889685034,0.9996610282485875,0.9986032125766199,0.9989521360463027,0.9991812590826286,0.9947164669728156,0.99933586252698,0.9947612066249995
2017-05-29,1.0002356351610227,0.9981953079993093,1.0011186911844514,0.9995971074079679,0.9994543917274269,1.0005286167400882,0.9993363198938111,0.9989533100923976
2017-05-22,1.0020073089619241,1.002374301945991,1.0031796221827367,1.0016140504684352,1.0014569659442727,1.002119000492336,1.001495513459621,1.0020977011765508
2017-05-15,1.0060584699453554,1.0030618847811297,1.0076328399651477,1.0036449457609342,1.0030139922004566,1.0080099857600566,1.0033344448149384,1.0082841543290373
2017-05-08,1.0045345702433925,1.0057025547445253,1.0036886407730452,1.0025986682036596,1.004311154074891,1.0014260606569005,1.0020046608418867,1.0014120819241388
2017-05-01,0.9963143740778223,0.9987469985334662,0.9954806891580895,0.9972464853276688,0.9978947002288329,0.9915163665070215,0.9976666833333334,0.9909917960815742
2017-04-24,0.9965639692757351,0.9975002727530902,0.9955009561252048,0.9974151858461584,0.9973525652729596,0.9954257916959887,0.9978380010337934,0.9969482431432863
2017-04-17,0.9999999999999999,1.006058516024514,0.9992507726679062,0.9997577404545306,1.000365296803653,0.9980684635984469,0.9995013464095746,0.9976513830693405
2017-04-10,1.0077612179104476,0.9996571934714388,1.0091681849952308,1.0057667233812526,1.004310758585908,1.0047636026817217,1.0051796492958947,1.0048072282210565
2017-04-03,1.0000000000000002,1.001717044394265,0.9985842944384417,0.9991073602424566,0.99990827219369,0.9968343124017882,0.998665075921909,0.996863352710552
2017-03-27,1.000836520076482,1.0071478327679926,1.001985993984982,1.001544229506305,1.0016534999081392,0.9975438771929827,1.0011693785304145,1.0008720589669846
2017-03-20,1.005527505340934,0.9980438845682252,1.0072394263505597,1.0037526431105785,1.0028557898533104,1.0068892243969403,1.0033523466309084,1.006053649603782
2017-03-13,1.0110558015078557,1.0062521822536004,1.012148110179829,1.0068999836849022,1.0064905518125276,1.0107124267349554,1.0052232857699506,1.0113576400538857
2017-03-06,0.9913284233569603,0.9847224260029919,0.9920611958279905,0.9955024695763964,0.9936428782015845,0.9915028503627952,0.9968088176552097,0.9908563300660511
2017-02-27,0.9910479827052755,0.9926437076432355,0.989120207827442,0.9929359940585908,0.9948671126465103,0.9910526666666667,0.9933266932486936,0.9920627650752243
2017-02-20,1.004676819818645,1.0034068022577063,1.0053262127194806,1.0025234514045331,1.0030339432944355,1.0044052863436121,1.0028442195081144,1.0043802014125236
2017-02-13,1.000840122419587,1.004563015990736,1.0006662130008568,1.0001627941030238,1.0012887600347742,1.0001762072549805,1.0001673694835134,1.0011401947326837
2017-02-06,0.9983225616861077,1.0027454358898524,0.9977210330969714,0.998293246112701,0.9988046708568469,1.000529060139818,0.9984962405512529,0.9992112523073239
2017-01-30,1.0050577793225217,0.9998855999084982,1.0059222083117352,1.0033434233876726,1.002211629274295,1.0012358757280346,1.0023446491767651,1.0014920045376159
2017-01-23,0.9950869261265523,1.0026376491733138,0.9935465409448647,0.99707292458042,0.9981603569139005,0.9973586547392383,0.9976608353437203,0.9979854952787162
2017-01-16,0.9962988897731878,0.9996560128514498,0.9948074489200803,0.998295462620831,0.9986222100005107,0.9982422569562712,0.9988317756619416,0.9985132236667208
2017-01-09,1.004196115372444,1.0002293773676112,1.0040762158323293,1.0030122526579457,1.0033176665133596,1.006368300130343,1.0021742264229099,1.0062483412720673
2017-01-02,1.0048187205199681,1.0034517890483585,1.0068722059808783,1.0028576011710255,1.0029577594425039,1.003550452563449,1.0028514257439018,1.003089671637444
2016-12-26,1.0092401458966567,1.0045077093564858,1.009247654546723,1.0057481031840045,1.0051096432552957,1.0075121087461993,1.0037036530739514,1.0080982110501502
2016-12-19,0.9926381729104733,1.0028978788535254,0.9970226182187104,0.9982785555910906,0.999350106768174,1.0082957437638276,0.9993271029496483,1.007350963495716
2016-12-12,0.99519576038444,0.998842121147084,0.9953159545424343,0.9956741837008046,0.9973148148148148,0.9880613326454265,0.9964794133619641,0.9890938463299686
2016-12-05,0.9982016305861824,1.0089953857241911,0.9949591211238263,0.9987771989692215,0.9985206731316317,0.9971570717334237,0.9986606730286288,0.9970824684193929
2016-11-28,0.9941597379222946,0.998600058345776,0.9931985453126907,0.9969928234964823,0.9962236713640971,0.9985805181231276,0.9973284521176898,0.9984111572211921
2016-11-21,1.0013128177430144,1.004806036919612,1.0010401985815602,1.0001626077100294,1.0009218954379662,0.9969927825401167,1.0005011359755906,0.9973589663653127
2016-11-14,0.9939501544264479,1.0145082894283879,0.9929577464788731,0.9952268910668481,0.9990789536704433,1.0012398158207547,0.9965040952222409,1.0019404868499473
2016-11-07,0.9744538325175395,0.9758616450240604,0.9677419091029013,0.9833731420057235,0.9822672755318426,0.9783399753654476,0.9857236787942844,0.9787619877620308
2016-10-31,0.9983843047112682,1.0017437922021784,0.9999091858969508,1.0006367934890115,0.9987349778392514,0.999134366313517,0.999835898279969,0.9997410754381056
2016-10-24,0.9960915506631005,0.9839853462362241,0.9952075411956793,0.9988073944217396,0.9974763586291612,0.9989622621930127,0.9990166038031996,0.9992238378410655
2016-10-17,1.0005750632487909,1.0078395205865698,1.001267532854709,0.9999204802028976,1.001082685174002,1.000519103642168,1.0004919317809118,1.0
2016-10-10,1.0005754747447977,0.9924484669920257,1.0009061984758711,1.0018319075627582,1.0008127506016393,1.003124457505217,1.002301117685733,1.0039830202438829
2016-10-03,0.9948477556605339,1.0066805114029027,0.9899524267520192,0.9943766910442469,0.9978373942030132,0.9903730957666528,0.9946052311461577,0.992352646305705
2016-09-26,0.9958950853783952,1.0050938066135844,0.9957124072098011,0.997235613322521,0.9965876795977011,1.0024125280443312,0.9975537834311807,1.0009460738181666
2016-09-19,1.0065419490373675,1.0048859702755466,1.0094679439230307,1.0041240781703251,1.0045101930362619,1.0132704557359875,1.0034364096966715,1.012716653823128
2016-09-12,0.9998852191861973,0.9987219588706865,0.9981998559531925,1.000317278850045,0.9991888598175342,0.9963465553235911,0.9996728284038469,0.9973071143856727
2016-09-05,0.9923699007486597,0.989310344827586,0.9917871895675914,0.9958916251876432,0.9952457124059666,0.9906928645294725,0.9964140667127651,0.9912175304909377
2016-08-29,1.000227782204946,1.0001149787358312,1.0009828701283934,1.0015034262107156,0.998477402624677,1.0006898930665746,1.0017961462509422,1.0001722011667538
2016-08-22,0.9988622368740725,1.006246396977897,0.9982160645953432,0.9981833662571411,1.0008964410256769,0.9989662129743933,0.9983697750244538,0.9990536006438889
2016-08-15,1.0010250113544983,0.9986138038581496,1.0005354573707594,0.9999210077415651,1.0005382186839753,1.0029376534117447,0.99983703340952,1.0037999999671818
2016-08-08,1.0025120003993606,1.0079171150066029,1.0020569039527814,1.0011068943443966,1.0029686396916646,1.0015576324257118,1.0006523731748103,1.0
2016-08-01,0.9957931209480315,1.0158485624181466,0.9937789102500598,0.9962193131397236,0.9982937224659851,0.9986173176872223,0.9973971043208538,1.0003455809935204
2016-07-25,1.0023934238065517,0.9858908701984407,1.0043738106254918,1.003239794470807,1.0000898329473626,1.000864902251083,1.0013031764343243,0.9993093153879077
2016-07-18,1.0015981735524697,0.9981378491186652,1.0012512288966953,0.9999999999999998,1.0005391624827313,0.9967241551724138,1.0006520130611904,0.9957018826493274
2016-07-11,0.9929720812403983,1.003269488594926,0.988427579198611,0.9950464145305866,0.9974901397900707,0.99247092731812,0.9957798572345421,0.9944434862084935
2016-07-04,0.998641668491812,1.0196452082306275,0.9955148887126453,0.9961619957102218,0.9998207205624532,0.997610054707748,0.996925598655754,0.9976972537313432
2016-06-27,1.0051200023338265,1.023644057636415,1.0046827973140129,1.0018047394569247,1.0066763445209799,1.0115697116214817,1.001133954317188,1.0097312863486578
2016-06-20,1.0116252536242607,0.9812245880928754,1.017439788159651,1.0088663869537677,1.0037127229919407,1.0113517642805367,1.0080012734160262,1.0092126283541218
2016-06-13,0.9983911743871927,1.0042032666339595,0.9961493686065975,0.9984981266540491,0.9989144821740575,0.9935796808332521,0.9983697750244538,0.9948123294202895
2016-06-06,1.0055465217755197,0.9927277059869232,1.009674502887423,1.0057238333275789,1.003996040323313,1.0055836676743384,1.0055737704918035,1.0040802325882414
2016-05-30,1.0063961276054454,1.0032292309146127,1.0079285061169643,1.0045519884638876,1.002275623520845,1.0072056060736165,1.0031244696082147,1.0091992553811042
2016-05-23,1.0011642682636426,1.0054112190759394,1.0002735278105794,0.9998403305627644,1.0023722810651874,0.9992975588215237,1.0,0.9999123696905408
2016-05-16,0.9935222901164474,0.9990389956520661,0.9928500224970588,0.9955484500266667,0.9961825303102173,0.9918132555303953,0.996068828764436,0.99157400126197
2016-05-09,0.9996530296142564,1.010439439564437,0.9988247604730225,0.9977001109588425,0.9989104412565822,1.0033204997672052,0.9995087917646104,1.003486767752033
2016-05-02,1.0062834650620556,0.9865867904191615,1.010043882671034,1.0061442387488033,1.001728094651318,1.0022771238395516,1.0039448060486522,1.0019214061135373
2016-04-25,1.00151502159457,1.005055344124811,1.002104456015148,1.001758609140825,1.0010925430011373,1.0061684523733365,1.0009871833002169,1.007124619454224
2016-04-18,0.9939765552188912,1.0014465164108792,0.989497546115823,0.993961520785305,0.9984545636363636,0.9940434480012806,0.9959036538735648,0.9945761874652472
2016-04-11,0.9994212201697573,1.016293054623045,0.9963915109858641,0.9973848879089483,1.0018214571285444,0.9975533205600611,0.997385193616362,0.9977306275639348
2016-04-04,1.0034850719450494,1.0056671062133082,1.0052598260250247,1.003020459470956,1.00292290818696,0.9987781462946737,1.003114737704918,0.9973883260018718
2016-03-28,1.006665886874848,1.0023461965048333,1.00841334263216,1.0063189971121178,1.0038511462287023,1.0138029203257093,1.005107942084494,1.0142150889243315
2016-03-21,1.0030498768328446,0.9838416348886316,1.0029349628811792,1.0012012012204403,1.0020213341426438,0.997704784563997,1.0000000000000002,0.9974460502656264
2016-03-14,1.0068501477937912,1.0048833351296134,1.005070021983683,1.0049090696135672,1.0061009058975783,1.0159641076233183,1.00363813455204,1.0145640192023593
2016-03-07,1.0011824287572424,1.0116092748967607,0.9961432599422724,0.9972713001167144,1.0038044355128306,0.9966035215696017,0.9985138705661514,0.9982161523845123
2016-02-29,0.9909773138494171,1.0111138733488043,0.9848964637786018,0.9906185322834992,0.9951980422938402,0.9959053051773299,0.9922989020530707,0.9943242374188676
2016-02-22,1.0019959845484558,1.0226025289899772,1.0017213535528542,1.0005568371693327,1.0037074798405783,1.009706938527648,1.0,1.0102132142031928
2016-02-15,1.0032983744056823,1.0197942047168354,1.001179111111111,0.9997614203874888,1.002043299007027,1.0048771675419588,1.000327831513779,1.0043189131214585
2016-02-08,0.9969465297252723,1.0037908627450982,0.9971059057610563,0.9976989526120681,0.996483054271798,0.996041723784033,0.9980369213473429,0.9970395442985598
2016-02-01,1.0117632836614407,0.9753920693612138,1.0172033399412144,1.0092896289911995,1.005958476642455,1.0023444724554649,1.0080805080488209,1.002428093590686
2016-01-25,1.001785525490167,1.0048686353029352,1.0043425481564479,1.0031330333435164,1.0000931284898857,1.0094666120517022,1.0016517673992107,1.0094407494756448
2016-01-18,1.00047637250832,1.0052808346893463,1.003523458572526,1.0012870254182755,0.9991627500076797,1.0001821194531,1.0009920800264551,1.0002724689078126
2016-01-11,1.002148227686499,0.9778337159235843,1.0097369162014214,1.0054185037538454,0.9990705641442723,1.003654915868879,1.0046511461021403,1.002914115343122
2016-01-04,1.00684931498619,0.9912609735645688,1.0072613824286931,1.006430091108334,1.0037316353441246,0.9978118344274252,1.0045052728182882,0.9972754246001687
2015-12-28,0.9996396516516517,1.0011248093707084,1.0004717709306874,1.0006515882118552,0.9990679653276169,1.0000000000000002,0.9998331831804,1.0028232968263215
2015-12-21,0.9949803034535751,1.009207908794247,0.9953981500169568,0.9968336526237502,0.9978609002180395,1.002742750095863,0.9985007496002124,1.0015507252089044
2015-12-14,1.0002390436284745,1.0057084484153633,1.0030143084772303,1.000406067241567,1.000465190277004,1.000915080543834,1.0004999833333335,1.0009129736228703
2015-12-07,0.9965451513808635,0.9604044843956023,1.0004712373907152,1.0011383964594633,0.9942640945236043,0.991291726982796,1.0,0.9922993474986236
2015-11-30,0.9970305262613013,0.9883202773635059,0.9972744267429616,0.9978093549695741,0.9976924496102068,0.9965647803911628,0.9986684088326097,0.9962093322325993
2015-11-23,1.0017848762281667,1.0033829408016048,1.0029221039842438,1.0013811991975754,1.0016641271573918,1.0009048679299628,1.0008329668637845,1.0006321683202701
2015-11-16,1.0016686411997942,0.9925650316892316,1.001415839127509,0.9995127740743281,0.999815159918654,1.0089464670440023,1.000333294462033,1.008837472506606
2015-11-09,1.0061158772768422,0.990497648402479,1.0071299551833832,1.0050604147500917,1.0026879228844194,1.0012796891904996,1.0035116890219344,1.000364573456393
2015-11-02,0.989087901532153,0.9853698505297319,0.9872360303922284,0.9919844143472689,0.9943778801843318,0.9891501263860782,0.9936855932203391,0.9892705530873481
2015-10-26,0.989321720378764,0.9965010962561488,0.9887713532150825,0.9920482088353413,0.9941359721458677,0.9956787541289385,0.9929054447631505,0.9971230873741865
2015-10-19,1.0001173805905101,1.0026896970485395,0.9979625764596434,0.9979959919839679,1.0007335595219802,1.0016230838300617,0.9988464238628874,1.0011701620372666
2015-10-12,1.0028245027324407,1.0065921720986053,1.0016697587661478,1.0014449706992055,1.0022975829849752,0.9956904649971352,1.0013201650600714,0.9965912720687672
2015-10-05,1.0022411182146869,1.0182188301570179,1.000835614156862,0.9992780041945131,1.0010119779581221,1.0014385541909987,0.9995051459755048,1.0013473546870142
2015-09-28,1.002246163955369,1.0078521503727003,1.0021398957348375,1.0024930117007318,1.0023052098591134,1.0120109187987094,1.0021487768595039,1.0106208964916161
2015-09-21,1.0028452638493248,0.9660403438898273,1.0084443702675103,1.004199273129302,0.9995391336405531,0.9970967157122714,1.0028178019951004,0.9967427342583078
2015-09-14,1.0,0.9923567340441629,0.9990626359205099,1.0005656108505883,1.0014768691702738,0.9958438923021322,1.0004975621973062,0.9975629208632284
2015-09-07,1.0021385292179765,0.9990743723244242,1.0016901408450705,1.0019430457078136,1.0006465318424878,1.0041734530180828,1.001661096317922,1.003441689939618
2015-08-31,1.00071331588737,1.0022031772310571,1.001316274903006,1.000567031200495,0.999630671214674,0.9922578323324123,0.9995019259505228,0.9895142679778764
2015-08-24,0.9935033903376616,1.0174610189367388,0.9863674211932223,0.9919646442418154,0.9982488294930875,0.9987412336137164,0.9966903855700809,0.9983894058985431
2015-08-17,1.0074973819766433,0.9812457159497238,1.0129638801211056,1.0083454789879351,1.0006455777921237,0.9987428340517241,1.0039873899981289,1.000626734700927
2015-08-10,1.0014300440266932,0.9933302437135495,1.0043400227255403,1.0023552424840878,1.000830755061132,0.9992821069762721,1.001997652738472,0.997944996389296
2015-08-03,0.9940765314973805,0.9948517906485852,0.9942776734386056,0.9961974028510907,0.9957719854495595,0.9934034765555356,0.9965162739966205,0.994402443507709
2015-07-27,1.0015425368004571,1.0061004491056786,1.004239246269633,1.0013772826703393,1.0011041958041962,1.0035784756410537,1.0004979087136932,1.001958523956939
2015-07-20,1.0071701601338428,0.984141345538529,1.0123987031454214,1.0063595433125225,1.0023056349718713,1.0059394887339905,1.0041666666666667,1.0054600876704254
2015-07-13,1.0027561774507916,0.993249347206886,1.004695256758382,1.000734366852715,1.0002767343122374,1.0021645382785809,1.0021713880436178,1.002602539711029
2015-07-06,0.9928613208972757,1.0047478861038648,0.99003886765814,0.9942402935241411,0.9958659071357999,0.9898232633395203,0.9958416499640993,0.9898729679310653
2015-06-29,1.0013104717343229,1.0009052048281921,1.001044643844882,1.0018692782682928,0.999173820466792,1.0028648165752845,0.9995011970240667,1.0027614287767426
2015-06-22,1.0005960543640011,0.9839679024716101,1.0041960899847788,1.0026892836988777,1.0013788215828663,1.0028730293207584,1.0030015173753288,1.001337980542878
2015-06-15,1.0008351109520404,1.0110311126083347,1.000477082348575,1.0017960731781546,1.0001839110116362,1.0014385541909985,1.001168597623753,1.002503791424416
2015-06-08,1.000477452858408,0.9932915251947333,1.0025827147256292,1.0008170520534116,0.9987144615291723,1.003066414196725,1.0005011358025913,1.0028696977334826
2015-06-01,0.9884379073044384,0.9865431067044735,0.9836281707153571,0.9930223042596351,0.9945210666693256,0.9887640271089709,0.9958416499640993,0.9911119013223375
2015-05-25,0.9954198474358227,1.000441414684129,0.9949447575360422,0.9981373259279885,0.9958170410872591,0.9966228580384948,0.9968495772367835,0.9954875684521562
2015-05-18,1.002826498512472,0.9973585956707176,1.007640769594552,1.0012974618877717,1.0005458829753116,1.0048222180810065,1.0008297876146626,1.0041758683915807
2015-05-11,1.0033086022678221,1.0038669648907974,1.0032176020292913,1.00276465272163,1.003377798064634,1.0021478969419706,1.002995938648604,1.002940670086075
2015-05-04,0.9935430500117399,0.9971356724843782,0.9916478977411392,0.9970812955109873,0.9966335730458167,0.9899007794100065,0.9975095799435497,0.989158254451078
2015-04-27,0.9856514923779565,0.9936507825648776,0.9824820116400702,0.9918777481604785,0.9906264800586384,0.9837894367054113,0.9935664960997441,0.9861786857946916
2015-04-20,0.9989596116296471,1.0013153019407441,0.9970582827455254,0.9989556153850673,1.000721511667331,0.9987813370261374,1.0006602343789952,0.9987845198819238
2015-04-13,1.004295368055437,1.0014270582091558,1.004432095906775,1.0026580829213358,1.0010835395033861,1.0094902808615016,1.0011568997242408,1.0105281362380731
2015-04-06,0.9972216021262423,1.004520851151817,0.9976050570671529,0.9975894334493235,1.0002709356887476,0.996148511837334,0.9983500577734687,0.995458541484716
2015-03-30,1.0036016846752644,0.9996693231958851,1.0041623993695088,1.0041148538951936,1.0025353132463724,1.0097224500618702,1.0014871282220756,1.0103238152241452
2015-03-23,0.9986077039422737,1.0023201745150774,0.9968649515038713,0.9995161451612904,0.9996379254294742,0.9961260609944348,1.000826839741577,0.9966581918622657
2015-03-16,1.0115010328776088,1.004439030025091,1.0142148788927334,1.0081300813008134,1.0064681427154285,1.0204851564964905,1.0063238642036942,1.0182681206817965
2015-03-09,1.005309072550517,0.9964613623797411,1.0089639269023234,1.0043275822297086,1.0004556507390512,0.9978483414021875,1.0031719197605367,0.9988371646108094
2015-03-02,0.9940190569022772,0.9887382570384677,0.9935314988943752,0.9973939246079165,0.9974545636363636,0.9881290040419738,0.9976682378802759,0.9875453050750402
2015-02-23,0.9980102411514455,0.9997813292594667,0.9960780837082109,0.997805972660588,0.9974610264320097,1.0040917986851414,0.998835468327475,1.0046144022608148
2015-02-16,1.0044674818826118,1.0046123985199298,1.0062957903833076,1.0034246494082244,1.0047375727999712,1.005545563307851,1.0018333499999996,1.0053528951861148
2015-02-09,0.9928796543219249,1.0037477623043678,0.987106947168295,0.9948085658242096,0.9966403704102492,0.9841549821154045,0.9960159031867228,0.9861868032311525
2015-02-02,0.9836950503476886,1.0056534974576377,0.9780458592566671,0.9867925958536781,0.9929672169157978,0.9828689741673479,0.9903008387209983,0.983643453475289
2015-01-26,1.0083361465206848,0.9976775159849042,1.0113772366524862,1.0062016428414422,1.0036195999706887,1.0133263547839098,1.0042925870893187,1.012442005058495
2015-01-19,0.9990746789730945,1.0112962079724324,0.9969813208927918,0.997749935748153,0.9999095729247042,1.0008774833274834,0.9983517718263315,1.000525966511791
2015-01-12,1.005817335863316,0.9935549059574377,1.008952487474896,1.0049261082948222,1.0030858231984026,1.0086740658993072,1.005302402826923,1.0090225296146165
2015-01-05,1.008921175984947,1.0137433935026494,1.010916197051689,1.0078951733038002,1.0069457321686295,1.0021288451681538,1.0034918357747231,1.0020386722212375
2014-12-29,1.0092405871702128,0.9861141963823884,1.013522458628842,1.0070491885245902,1.0029330889630266,1.0098530813328555,1.0053493647609495,1.009665312505196
2014-12-22,0.9896822958180055,1.0001110432149531,0.9956689670997927,0.9975469910658954,0.9968932383608693,0.9946543299118734,0.9981645252794926,0.9935977146860904
2014-12-15,1.0,1.032224829090304,0.996154530215123,0.9967400651199688,1.0010977131357484,1.0003565240768815,0.9985004998333888,1.0010682126070218
2014-12-08,1.0044752912742765,0.9705063877686453,1.01109536304681,1.0045026196561175,1.000640732265446,1.0041166816559277,1.003008021390374,1.0022303506907073
2014-12-01,0.9964793451059659,1.000556737175165,0.9971630921985815,0.9943020267692637,0.9947190932401146,0.9927149963168976,0.9950116560527381,0.992561728504383
2014-11-24,1.002116899942572,0.9788533350523945,1.0038921968442074,1.0025297616898174,1.0018243546807328,1.0,1.0031692743424643,0.9980556606618533
2014-11-17,1.0035406112283507,1.0032807960787227,1.0034291578368502,1.0019623711701788,1.0019192104170942,1.0032085740894319,1.0000000000000002,1.0030139527172053
2014-11-10,1.0005904936230512,0.9898246911612263,1.0022914359803594,1.0014739600030962,0.9995432173281587,0.9964475843063514,1.0025083946907758,0.9963787052077485
2014-11-03,0.9995278446703515,1.0006498808492201,0.9994274332224973,1.00008190975283,1.0003655487526273,1.0021359736561053,0.9999999999999999,1.0012380526841518
2014-10-27,0.9921536712982042,0.9990260361854332,0.9915791561816794,0.993410372492847,0.9935536589794807,0.9966294304883703,0.9943465246815184,0.9986752539430738
2014-10-20,0.9955695696246788,0.9997836633127771,0.9947294305882353,0.9971607121885466,0.9979160823064949,0.992254849634662,0.9978430230628835,0.9928972466424303
2014-10-13,1.0028060096200864,1.0250637911736453,1.0033997639380468,1.0025211288428848,1.0020882694752133,0.9989449973438544,1.00266177004389,0.997550743526942
2014-10-06,1.0117104091351974,0.9774525528455283,1.0169019691799284,1.010768573600188,1.005293921235742,1.015535696428571,1.0063619789050728,1.0160874408303715
2014-09-29,1.003918798289025,1.009741670208607,1.0040497348765767,1.0023895929269149,1.0025622255227347,1.0035842473760617,1.0018450352540262,1.0028523040760797
2014-09-22,1.0014270781984576,0.982471265350495,1.0052340894685294,1.001650684990073,0.9988117539964627,1.002695363784533,1.0021851907149035,1.0020543319226003
2014-09-15,1.001786919185444,1.0052972756756755,1.0024290711704056,1.0008260862518765,1.0016478988685196,0.9921555000891423,1.00067285112409,0.9926411739281747
2014-09-08,0.9930202649121055,0.9928088653602848,0.9919999807228914,0.99703508478068,0.9951713011083947,0.989939992940346,0.9976506293002182,0.9909506325777544
2014-09-01,0.9976395138331342,0.9920144802388091,0.997116742034116,0.998848305344658,0.9982719962991177,0.9952573335675391,0.9974890861235659,0.9945822964945421
2014-08-25,0.9976451548333921,0.9956535143506089,0.9958843799037793,0.9990137902695594,0.9983655497750937,0.9942368492573125,1.0001674535409342,0.9946115417106125
2014-08-18,0.9990589107385269,1.0001060432569975,0.9989483411013803,0.9967234436971913,0.999546178979851,0.9982565725548017,1.000837801608579,0.9979184302362939
2014-08-11,1.0023582596948062,1.00952584822862,1.0047069933661288,1.0021343129207028,1.001363282765851,1.0,0.9993301909020396,0.9993932564949313
2014-08-04,1.0035498283386621,1.0089633047292292,1.0045353759877076,1.0018092270034413,1.000818591944359,1.0033234739661876,1.000837992319021,1.0047901323811184
2014-07-28,0.9982281834052359,0.9876279439499158,0.9985546155189307,1.001564895756037,0.9994545636363638,0.9940879844927137,1.0013424735693908,0.9937683832978329
2014-07-21,0.9992918201216735,1.0004268139092316,0.9998072832425641,0.9995883830033623,1.0000909355412482,1.0013929653491205,0.9998322483165186,1.0004329639004754
2014-07-14,1.0026035621301777,0.9922710849847883,1.0046457897793264,0.9998353309227364,1.000818889885007,1.0034946706272934,1.0000000000000002,1.003737180666386
2014-07-07,1.0047562664626937,0.9977814600557169,1.0063309828836269,1.0030550903884479,1.003103358946757,1.00774782518493,1.0026917732619745,1.0063849907043645
2014-06-30,0.9930333689211625,0.9943278044431032,0.9912144817297841,0.9943349590886299,0.9942825665798607,0.9900627616795193,0.9956448576943911,0.9910714373173418
2014-06-23,1.0054612250221573,0.9987410511959715,1.0084704800746809,1.0047847054546717,1.0035518942239752,1.008084340664874,1.002350570813456,1.00733499844573
2014-06-16,1.0002375489875022,1.0044256901069402,0.9990273416793568,0.9997525855670103,1.000820381004466,1.004767808497831,1.0001679597005535,1.0049139874071078
2014-06-09,1.0009509331136668,0.9995786812812584,1.001558655595545,0.9999175160825083,0.9998176979926108,1.002123571124529,1.0,1.0015820003654599
2014-06-02,0.9959748550257507,1.0065733884648007,0.9934191426803609,0.9964664311534813,0.9977268595116618,0.9940193489540666,0.9978216990616622,0.9939722023764114
2014-05-26,0.9971668279679712,0.9946219341005601,0.997201302918318,0.9972138244465608,0.9980942191107322,0.99266628252139,0.9981602107683522,0.9929736467121241
2014-05-19,1.0017739002311705,1.000633164523578,1.0026125302876154,1.0013128415201566,1.0015452281965183,1.00632577754349,1.0005020582497344,1.0058458947225732
2014-05-12,1.0073861804292068,1.0046644226722266,1.008686306936232,1.0048648087472363,1.0039237158107022,1.009579581507532,1.0035264316293273,1.0088908716354028
2014-05-05,1.0002383698817534,1.003510659574468,0.9996097463414633,1.0014863831789662,1.0005477768747886,0.998052390226629,1.00117684936113,0.9983302311421898
2014-04-28,1.0035875985318965,0.9976650286811185,1.0053948309581606,1.0023174805495778,1.0022877013595846,1.0049821885234484,1.0013467676314216,1.0051232400417212
2014-04-21,1.0009576490189411,1.0010624521548301,1.001768694166317,1.000331188941308,1.000274581235698,1.0008904541089776,1.0005053562490376,1.0011496020313122
2014-04-14,0.9971353783377345,1.0004251806882403,0.9937505421833593,0.9957130751266344,0.9974436409649164,1.00124821678858,0.9969773299240526,1.0018605386233579
2014-04-07,1.00515898032775,1.0000000000000002,1.0057945786682383,1.0039728770071181,1.0040333854261023,1.0064608936385337,1.003031834310794,1.0053443129601223
2014-03-31,1.0002399615927045,0.9967157855357113,1.0008846652643864,1.0009112832483746,1.0002750596052643,1.0025188736049344,1.0005055443208626,1.001516494228662
2014-03-24,1.0019238187308843,1.0039353543055314,1.0011810057948922,1.001576518459422,1.0026661948208586,1.0001799892028072,1.0011810359372364,1.0012504376674745
2014-03-17,0.9958093987958356,1.0009581283934845,0.9955908582322333,0.9935696126899519,0.9976153168415174,0.9956996775542077,0.9961344537815126,0.9945811406236118
2014-03-10,1.0050541397124948,0.9986179246995093,1.006906047682458,1.0028108796528683,1.0024824935181593,1.0041381610601594,1.0018521805329548,1.0034765555357459
2014-03-03,0.9902287890902953,0.9966094616425977,0.9858963424938495,0.9927774373859958,0.9950594512329568,0.9912609595148922,0.9948073367703965,0.9908143350042897
2014-02-24,1.0061143025481691,1.0,1.0099213651300187,1.0042861523244313,1.0020168866516888,1.0133742630264138,1.0028557366513644,1.013698620938336
2014-02-17,0.9979660445569264,1.0036154401997508,0.9972570631415152,0.9975332758378571,0.999541867489084,0.9962189593766841,0.9986579097692011,0.9967871397558106
2014-02-10,1.000838222947235,1.0059905646344491,0.999706208993182,1.0003290097001312,1.0011926422018345,0.9967695621541716,0.9996645983621568,0.9975073533783074
2014-02-03,0.9972534510927502,1.010485363517774,0.9946424802399189,0.9980298965687081,0.999633162142333,0.9942897931068916,0.9988274707064073,0.9952157261836876
2014-01-27,1.0089156385542168,0.9948381975446433,1.0129255651292663,1.0072763187154568,1.004329004329004,1.0130152024584238,1.005050488045438,1.0130138666848656
2014-01-20,1.0027788209295208,0.9903087967985347,1.0049578583035768,1.0030687733266985,1.0004607814397632,1.0029006526468456,1.0016863912594671,1.0019784263123677
2014-01-13,1.000725402015783,1.0046004171969571,0.9994053513267127,0.9976005212841261,0.999539430781984,0.9962073504823432,0.9986527113733125,0.9965050720138031
2014-01-06,1.0069393718887187,1.0027894217657916,1.0106159841886029,1.0050727733887734,1.003697901519791,1.011324182648402,1.0038884022353878,1.0091336044649373
2013-12-30,1.0021961932918033,1.0042016698987288,1.0016049352672298,1.0006657402124615,1.0016668210328143,1.0036663795355891,1.0006767213554943,1.0047247320502406
2013-12-23,0.9891382815696561,0.9961365099806825,0.9957051439560985,0.9986702900578359,0.9980591681352744,0.9992672467484887,0.9969640749373576,0.9984577247992998
2013-12-16,0.9963924604909833,1.002150967880696,0.9951297287036108,0.9951207739847963,1.0,0.9965315990604527,0.9973086627870705,0.9964744170184121
2013-12-09,1.0008425563048529,0.997639549280243,0.9984122655079563,0.9986785266158154,1.0011102331400772,1.0014624862621113,0.99983185334396,1.0018113113894458
2013-12-02,0.9977185038150638,1.002150505376344,0.9968345136743305,0.9974462723242961,0.9995376306212453,0.994545472727273,0.9979858510243085,0.9945059803161842
2013-11-25,0.9939133310190555,0.996677762226509,0.9934158216702864,0.997206900586374,0.9956721914488433,0.9915269336303059,0.9976557435087785,0.9919592513177877
2013-11-18,0.997618799800424,1.0043051768677138,0.9953052033510409,0.9990972340478407,0.9994477636868115,0.9947991927833282,0.9989963532786276,0.9950217974046016
2013-11-11,1.007920268620658,1.0038897999819623,1.0108760036669564,1.0055294050594936,1.0061111481481484,1.0116110125473696,1.0036937205558476,1.010873463433442
2013-11-04,0.9922600502884005,0.9953753496867493,0.989434533462781,0.9967917077458327,0.9954834730479024,0.9911885993312607,0.9976549414128151,0.9926851113770762
2013-10-28,0.9936110504121288,0.9932699712288219,0.9924271941747573,0.997374474828712,0.9967842887462068,0.9887979911522764,0.997493784377403,0.9888849418764561
2013-10-21,1.0058312270121532,1.0042914065474888,1.0074335095350844,1.0032101325740412,1.0036886203672328,1.0060822895856065,1.0028484919571043,1.0067495827131365
2013-10-14,1.0103402791953902,1.0096403704506067,1.0101768502141768,1.0052958213536751,1.0061236223069892,1.0092074924933654,1.0031937803599333,1.0085990595539147
2013-10-07,0.9980798752410925,1.008410671488454,0.9937162590813208,0.9974413503650925,1.0001855605013819,0.9922966499462555,0.9983218996475919,0.9920909978858171
2013-09-30,0.9979640958083834,0.9996724284849872,0.9974536970183754,0.9985988791131809,0.9984249235615676,1.0005377128421273,0.9981574372167934,0.9995558447405248
2013-09-23,1.0050553441248111,0.9916621979786076,1.0072999701894065,1.0038888051970147,1.0016705336426914,1.0007175067264575,1.003361361344538,1.0017797206383623
2013-09-16,1.0128002317786207,1.0086282221194458,1.015731462452962,1.0080066637530165,1.009840712646325,1.0219981855545037,1.005067550590075,1.0203377339780073
2013-09-09,1.0044079956999632,1.0083699887102424,1.0040241548486086,1.0036832663961432,1.0035740782543268,1.0062719056681775,1.002879925510417,1.007132388376624
2013-09-02,0.9962185290478703,1.0045359442918018,0.9970909821026985,0.99857896845053,0.996999249812453,0.9937671859535689,0.998646557289011,0.993639859960746
2013-08-26,0.9959908272625644,0.9899244439803844,0.993522084653063,0.9970827972057975,0.9952402987355989,0.9894793762111486,0.997468832179171,0.9918889599124815
2013-08-19,1.0052516000947094,1.0153452463026797,1.006318293113211,1.0009176607762325,1.0016827147483833,1.0117452555791795,1.0003375421898195,1.0101046974984926
2013-08-12,0.9811863384488799,0.9829489776576452,0.9783163359167257,0.9906611818181817,0.9900046093473538,0.9695729720716553,0.9936263501111431,0.9716079952522201
2013-08-05,1.0030048078006542,0.9972749072874407,1.004137911330049,1.001075510852763,1.00148302901103,1.00536670821586,1.001007353911898,1.0041744561390695
2013-07-29,0.9953343818798606,0.9909267230303148,0.9954884365975719,0.9988430791034942,0.9975959131281384,1.0032304557927052,0.9984911819449729,1.0033864807359991
2013-07-22,0.9938175604111573,0.9852080559198888,0.9924080298307967,0.9979383143998303,0.9970498755960195,0.9879432451083957,0.9986606730286289,0.989680737070402
2013-07-15,1.007667425330449,1.0109736851309419,1.005578937174884,1.0035587188023052,1.006121918302976,1.0105715998822504,1.002349387481121,1.0099767947625724
2013-07-08,1.0087009184290028,1.020419377337551,1.0104836019139192,1.0055758819715088,1.006159551914894,1.0084929707264183,1.0038746461611414,1.008263032450621
2013-07-01,0.9920872321262568,1.002200429114319,0.9874023342304232,0.994866741139814,0.9960029746048898,0.9931801688230407,0.996307469073264,0.9939296463291281
2013-06-24,1.0116435055782962,1.0207771561008856,1.0060915995882453,1.0046581100926792,1.01071025909977,1.0208867526241572,1.0023553667960188,1.0181785134933243
2013-06-17,0.9632009220374047,0.959482738378791,0.9685032150919485,0.9826712843770242,0.9742791945080093,0.9619316192480923,0.9873753822695118,0.9642418836852215
2013-06-10,1.0024592926860205,1.007053727464922,1.0044923818249172,1.0033625522840977,1.0008244411570377,0.9945662225164984,1.0026648900288988,0.9952895934690299
2013-06-03,0.9949895012817528,0.9977262992883686,0.9932592899789368,0.9964043230431235,0.9954404524734467,0.983959968954812,0.9975079248630657,0.9854723375660216
2013-05-27,0.9938622117860385,0.9788045784357294,1.0015213844541482,0.9999183363274636,0.994558334943618,0.9931483214602891,0.9993358625269803,0.9931700245838817
2013-05-20,0.9876472377902321,0.9874424756685326,0.9843691682654124,0.9927800760796642,0.993243852026955,0.9849839885270795,0.9945508422300059,0.9851963830868566
2013-05-13,0.9986293204353173,1.0046256832014604,0.9971998973044605,0.9995945264352902,0.9991899549809172,0.993296497177694,0.9995048852946031,0.9936481154425721
2013-05-06,0.9938699849640136,0.9906270149123209,0.9922207447984609,0.9966058024342299,0.9970384815579287,0.9902090936013637,0.9970380121770608,0.9915472278370303
2013-04-29,0.99289895183838,1.0049188276843908,0.9920073953515369,0.9969384064549208,0.9963340842751819,0.9865749185797342,0.9972103872203872,0.9873179267933404
2013-04-22,1.0028258166290747,1.0092955003548219,1.0019329805038013,1.0014523236815824,1.0018811968445975,1.0046053125757453,1.0011499918046656,1.0036955244402281
2013-04-15,1.0003392017110084,1.0055230588311617,0.999539948485786,0.9995967739268776,1.0012557180241406,0.9973753280409335,0.9998357095953397,0.9976241110539751
2013-04-08,1.003631400239512,1.0003187313965556,1.0050860274189575,1.0016156151416467,1.0017970886872134,1.0004923518792053,1.000821946380998,1.0002458329939015
2013-04-01,1.0066255653801055,1.0009571838876654,1.006140639947693,1.0022670147799042,1.0038787660111852,1.0069410347691634,1.0021416968345684,1.0065160096752888
2013-03-25,0.9971522952824661,0.9985133375493966,1.0047677105284878,1.0017844188353928,1.0005414801248564,1.0049825445105887,1.0003296143704679,1.0029781685054144
2013-03-18,1.0040027332112822,0.997563517000773,1.0030004593905213,1.0008117460701074,0.9996391916145505,1.0,1.0011549084118974,1.000496581691773
2013-03-11,1.0050574942528734,1.0037214140227086,1.0089877485994632,1.0040753116949173,1.0029861007513148,1.0068561874056217,1.0029786695349996,1.0073369850369018
2013-03-04,0.9905499034373243,1.0034140615572154,0.9873890148326291,0.9942463534157803,0.9967529539685586,0.9905582241271861,0.9955518781622426,0.9900941306760288
2013-02-25,0.9992036405186886,1.0028889792733682,0.9980421499525987,1.0001621413558632,0.9989188575352528,1.0003314167466912,0.9993414389416714,1.000908865578029
2013-02-18,1.0086058517818506,0.9994652657584159,1.0131292997129697,1.0057058770785783,1.0042526422096503,1.0090285402269092,1.0041329143946798,1.0086673974275757
2013-02-11,0.9974819618582366,1.0055920422753426,0.9971743900758104,0.9984536258211045,0.9990959501157846,0.9953403394907638,0.9990091329316123,0.9956023978327846
2013-02-04,1.0018346978767882,0.9989257921979069,0.9996233782094283,0.9998372853758426,1.0,0.9965174294613174,1.0,0.9962800364034056
2013-01-28,0.9969135346280223,0.9819619520476175,1.000942399387971,1.0016301002260966,0.9986458968545958,1.0023271110372338,1.0001651470075135,1.0030680182930019
2013-01-21,0.9927371768246536,1.0002110571872869,0.9901092001513334,0.9953756288272656,0.9957748830595987,0.9933949637814568,0.9965432263374486,0.9940652654137818
2013-01-14,1.0010224241851915,1.0041317936659793,1.0028071020078477,1.000974524938887,1.000449644744138,1.0008263593067712,1.000658886520489,1.000164855725519
2013-01-07,1.0014789191927436,1.0032950360694084,1.0029092061356832,1.001952782718425,1.001260675326045,1.0023190161059965,1.0011543535810417,1.0035575410716258
2012-12-31,0.9960340169971671,1.0078200751541526,0.9913480322141226,0.9974030271270652,0.9978435079521968,0.9942358037839951,0.9986824440269689,0.9955522528440081
2012-12-24,1.00193004082811,1.000643123586203,0.9997209914356676,1.0002435181387526,1.0013496490912364,0.997535764704054,0.9941060741943002,0.995980328203768
2012-12-17,0.9812834228769293,0.9964750909055194,0.9998139854954996,0.9997565411478938,0.9997301610098078,1.0006575209384345,0.9995090983552757,1.0000820657977032
2012-12-10,0.9921521057571339,1.0035373780304706,0.9888735724137931,0.9950738836295907,0.9966827864443248,0.9871795356569222,0.996737889467658,0.9885644447226818
2012-12-03,1.0009958398206187,1.0027948189056735,1.0011968053434872,1.000646480808081,1.0017063493795482,1.005876608092609,1.0008162422728124,1.004153448944104
2012-11-26,1.0028849754920672,1.0069271566936593,1.002769599335303,1.0019431462724777,1.0008988584269665,1.0052510502994922,1.0,1.0047459455424754
2012-11-19,0.997123323648705,1.0033666050528536,0.9954967557301123,0.99830262691317,0.9981159160236858,0.9965657728024278,0.9986957613302901,0.9968189314326089
2012-11-12,0.9990051508897408,1.0072194707333073,0.999632521812265,1.0,0.999462015762626,0.9949561177181278,1.0003261578604046,0.9959382615099636
2012-11-05,1.0031045458896874,0.9908952527445207,1.0089914815255325,1.003243602011028,0.9991040494695566,1.0078714168579859,1.0022883295194505,1.0075298575871663
2012-10-29,0.9987818272829957,0.9964359648530495,0.999907294465727,1.0005679513184584,0.9969632190067882,0.9970568999345979,0.9993466024281836,0.9972249672843202
2012-10-22,1.006128167130919,0.9958054744308842,1.0094498692772234,1.003664470594516,1.0024173873682978,1.0095740835399771,1.002784635590248,1.0083120317947158
2012-10-15,0.9925901568810035,1.000538071666846,0.98807431798233,0.9945735968690891,0.997855820602162,0.9945822032506979,0.9957592236868499,0.9944348965637957
2012-10-08,1.003217585816629,1.0064984077439965,1.0016668210328148,0.999271633202843,1.0050282660495955,0.995261421646055,1.000652864370818,0.9946276271001651
2012-10-01,0.9988916546971633,1.0073096003792454,0.9951161167098079,0.9990297380336352,1.0027010173764295,1.0059171761998684,0.9986960390772956,1.0069671967213114
2012-09-24,1.0042293267496787,0.9852736212541505,1.006305647489082,1.0021877967040664,1.0003602810116234,1.0037947367794962,1.0013056634568305,1.0047768243251
2012-09-17,1.0061589583597212,0.9917910023947444,1.0098323343961764,1.0033333658536587,1.0013528138772152,0.9978597136035654,1.0022901848144907,0.9967164505007389
2012-09-10,0.9960959398528513,1.015371357935853,0.9887963055555556,0.9965970020514827,1.0010833874849514,1.0046312107944295,0.9972267862516605,1.0049496699806164
2012-09-03,0.9993312116746317,1.006098856458288,0.9945667554863893,0.9987860969490978,1.0004516484509078,0.9991737067980072,0.9983712866980035,1.0019837823941862
2012-08-27,1.003130929218383,0.9971763467164131,1.004346956964106,1.0023523767225209,1.000723149249266,1.004648812883945,1.0014679660501067,1.0017388921521626
2012-08-20,1.00720800757734,1.0046917620361864,1.0125492040883048,1.0052185258090225,1.0057272545454543,1.0175705527550352,1.0042588370885972,1.0166680358896538
2012-08-13,0.9941776171577119,1.0016393661202185,0.9894366287886699,0.9962632087126435,0.9976419191430814,0.9855144524556368,0.9952722367134007,0.9866278988932241
2012-08-06,0.9955411770765932,0.9984722937415135,0.9948377121634113,0.9977305964758616,0.9981894079304724,0.991252698465093,0.9991855513794685,0.9923349543833352
2012-07-30,0.9962242755283417,0.996953883745733,0.994408350697895,0.998058518086268,0.9994571480078592,1.0024818167187592,0.9969145340398009,1.0016511599517333
2012-07-23,0.999556077236367,1.007894748066713,0.9953466969953776,0.9983847762881604,1.000996214074949,0.9970306828939406,0.9987025948751216,0.9980225262085558
2012-07-16,1.0034528514530276,1.0050694182294337,1.0025612696670325,1.001942045607023,1.0043664513781494,1.0029781602081098,1.0012990905716435,1.0021468251825048
2012-07-09,1.0041381834632286,0.9958296204182523,1.003211883975297,1.0017021884971502,1.0044773208246105,1.0039866776746398,1.0024418362363665,1.0052290669348671
2012-07-02,1.0046067865168538,1.0027511829178657,1.006465355309837,1.0021119486466414,1.0036683969185622,1.0078687594173783,1.0021207341292129,1.0073579014608345
2012-06-25,1.0028169014084507,1.0093302677921832,1.0009244615128867,1.0014642560806961,1.0000917362210722,0.9989964709985537,0.9998368618522774,0.9975811076618658
2012-06-18,0.998986987797703,1.0079489364084195,0.9977861268227605,0.9987001705646333,1.001285682799155,0.9928595152298322,0.999348052138486,0.9931245693081132
2012-06-11,1.0012396370594059,1.0137328224522433,1.001570639349051,1.000731674796748,1.0032246176524782,1.0043362575773223,0.9998369784902709,1.0045768745040669
2012-06-04,0.9994368551412125,1.0181418994899245,0.9959513986013983,0.9991064820152182,0.9988956009977693,0.9945264223830416,0.999185816642241,0.9949494866281626
2012-05-28,1.0062336618077639,0.9711592417107032,1.014657818927665,1.0033415159741204,1.0000920570622722,1.0090376736401676,1.0031035445425749,1.006248437942585
2012-05-21,1.000907555282869,1.0068926666666669,1.0003735967124314,0.9992670087200342,1.0024912714982706,0.9941764057962199,0.9995102204081634,0.9946962873074714
2012-05-14,0.9980752038043479,0.9818060903240081,1.0014965484427445,0.999348889085646,0.9913106742648737,1.0068688056101325,1.000490019593433,1.0060863430700961
2012-05-07,1.0023833730293568,0.9903318168643753,1.0094419786822029,1.0029385437443707,1.0007322837528607,1.0069163294014225,1.002292059518924,1.005701827843337
2012-04-30,1.002503151695337,0.9980263157245496,1.002081578161007,1.0006534509515643,0.9997254941384607,0.9963025042016805,0.9990186947827723,0.9986602243955824
2012-04-23,1.0009110693750387,1.0118717412139708,1.0014212715423414,1.001062935378669,1.0021090691569345,1.0016834679567856,1.0009822691230428,1.0015095605754707
2012-04-16,1.0045760666021704,1.001555717336498,1.004186517681951,1.0014739600030962,1.0011935916487988,1.0027008776940958,1.001968553181899,1.0020167899159662
2012-04-09,1.0018338567335243,1.0084043031914904,1.004492029183562,1.0026272577349609,1.0011028859888644,1.00937132406494,1.0016430824573925,1.0091587688120551
2012-04-02,1.0068081695449729,0.9879330900490847,1.012385089741366,1.005614266703742,1.0016571717610538,1.001706758832565,1.0047878652798417,1.0000000000000002
2012-03-26,1.0008084998641182,0.992092246279223,1.0036903660902168,1.002234216007186,0.9998159241531666,1.0046296296296298,1.0018194012871222,1.0029769328910434
2012-03-19,1.0053407525371212,1.0024221181895383,1.0094108320868378,1.0053240080303139,1.002954209748892,1.002061838452546,1.003818678399469,1.002387236743224
2012-03-12,0.9822100015461285,1.0014333517563403,0.9748662363806024,0.9876756222798095,0.9965041765042933,0.9872773539053885,0.9904620787623402,0.9876220867695843
2012-03-05,0.9995440442421963,0.9982390050821152,0.998282760923488,0.9986052018035414,0.9979801505321367,1.007347932330827,0.9991784423401504,1.0077217141743187
2012-02-27,0.9954613183522516,0.9894369924983776,0.993648705918072,0.9983616890831966,0.9989911033475394,0.987679324894515,0.9970511140719018,0.9887574127232582
2012-02-20,1.008583200111577,1.0101198763559618,1.0094736650717706,1.0036172558666332,1.0016536518448074,1.0083390404472106,1.0036172476159155,1.0078640282789781
2012-02-13,0.9956699522408854,1.004419423170491,0.993629380881038,0.9964774227902022,1.003318278243493,0.9964388164076848,0.9970491803278687,0.9963771169200923
2012-02-06,0.9995444077604418,0.9974653294570273,0.9966831026350387,0.9972224165600059,1.001661896439145,0.9981381009431923,0.9975469829093384,0.9989059249284636
2012-01-30,0.9969342909049621,1.0025411114232436,0.9947209182744924,0.9978805412550835,1.0001846707913933,1.0010166384276518,0.9975530668442588,1.0002525380903058
2012-01-23,1.0143976042386547,1.0068973523962326,1.017846871830293,1.0084676011876652,1.0087564230788342,1.0188158121871222,1.007064235371517,1.017909203545224
2012-01-16,0.9938186699425519,1.007735448690654,0.9853455985254495,0.9946034016041684,0.9988833721246231,0.9894107769327204,0.9952583224329627,0.9915038230629692
2012-01-09,1.0037918189565875,1.0020220175922945,1.0071414970617452,1.0033637214157332,1.0042986635959508,1.00291192184118,1.002622950819672,1.0017873776795876
2012-01-02,1.00149593782518,0.9921979046790247,1.0011438989295731,1.0017258300460223,0.9977622564102565,1.0088128911147898,1.0011488593467912,1.0072009943043123
2011-12-26,1.0071859412052147,1.005040932173438,1.0046930177303701,1.0028020769013377,1.0028050865939258,0.9998271941978717,0.998034414382218,1.0010298034929186
2011-12-19,0.9772340924540255,1.0218635070757383,0.9837008195185681,0.9927998282376056,1.0009358727362825,0.9905870443265445,0.9939759196996393,0.9922513369848205
2011-12-12,1.0127322895159439,1.0014902899865772,1.0162772593589189,1.0032835412904284,1.0055523808478755,1.0091536784402872,1.004743939068478,1.008501545946798
2011-12-05,0.9988542735890729,0.997940727699772,1.0035553185356012,1.0028813616293624,1.0001882906661954,0.9991372045015152,1.0009824954969706,0.9955543815033394
2011-11-28,0.9986269679948062,1.033215201730856,0.9938878903054904,0.9982741699539777,1.0006593199709772,0.996218033220493,0.9965731233122246,0.9988045427478051
2011-11-21,0.9991997370618528,0.9962317474383361,1.0001910115542836,1.0008224872376625,0.9994351313401059,1.005010314357113,1.0004897795918368,1.007397858064516
2011-11-14,0.9965820210749238,0.9710691928325621,1.0033544758809456,0.9995067658624364,0.9893825279056997,0.99364808583691,1.0,0.9917249531502736
2011-11-07,0.9981803366314111,0.9883588837581757,1.001055291152587,1.0007404031080116,0.9942587645941062,0.9943666440981002,0.9998367939874893,0.9934740485375719
2011-10-31,1.0027368912592796,0.9910394712258004,1.0069558592028625,1.0019784436893653,1.0006486286258085,1.0126189114129271,1.0037686220509363,1.0128766419929032
2011-10-24,1.0092070780205669,0.9887042750153617,1.0083779832756359,1.0058872306117284,1.0046546267856011,1.0159817178781476,1.003947984800987,1.014809626145051
2011-10-17,1.0017293175404502,1.050855382287909,0.9961183795404646,0.9995855449716445,1.0069366141732283,1.0045871383203955,0.9991781886916502,1.0053424505167279
2011-10-10,1.0075502617052043,1.0089233535029556,1.005463996594087,1.0025760845130827,1.0084128934681917,0.9991186321170455,1.0039604291736117,1.0010520954068403
2011-10-03,0.9786290215001816,1.0476014127576352,0.968439913664558,0.9880942196560125,0.995483240631721,0.9895342407279176,0.987453136507302,0.9896746030368764
2011-09-26,1.001822150138302,0.9505437150770926,1.0070416407666436,1.0013977799359208,0.9907700356000365,1.0064958392994354,1.0013052373746902,1.00470753207835
2011-09-19,0.9973875170673835,0.9858229256380148,1.0023845861268443,0.9979486338406016,0.9937002039336633,0.9928534075798051,0.9998369004867358,0.9931601645021645
2011-09-12,0.9978465148641105,1.01902751960333,1.0001907651211603,1.0011500862281257,0.9982428927817053,0.9958340219435164,1.0014703480063774,0.9953464236871216
2011-09-05,0.9981898857132016,0.9903454461981455,1.0013374092472298,1.0009867773950596,0.9965898433179723,1.0012165449910229,0.9995100751303047,1.0010352225851489
2011-08-29,1.011327196537135,0.9910086570605187,1.0196765626465398,1.003548448588876,1.0050018525379774,1.0139207224669606,1.002455426420036,1.0153280198883772
2011-08-22,0.9911544794738036,1.01509479306219,0.9879703594275675,0.9973662551440329,0.996584491893575,0.985585238430523,0.9978764946442912,0.983884841572864
2011-08-15,1.0073109320617895,0.9849026386390216,1.01613536052933,1.0039663114518174,0.9999077533656178,1.0022628546168346,1.005089492694139,1.0028519747891451
2011-08-08,1.0091066397694524,1.0434102071471762,1.007388434491411,1.0045654187385622,1.0084705948059203,1.0084254869505793,1.0027987816003032,1.0061739043478262
2011-08-01,1.0097776272947212,0.9168688726637997,1.027637204167212,1.0100612394582353,0.9965676810178968,1.0083186017699115,1.0079655495507982,1.0096575766521934
2011-07-25,1.0132091400730137,0.9928844990231964,1.0179307294112665,1.0092231934337448,1.005315676384755,1.0167356487313297,1.0090421465331185,1.0156041013713046
2011-07-18,0.997529423529412,1.006168047073818,0.993956816366593,0.996542743790969,0.9984171508674649,1.0030685558459005,0.9963296963017966,1.0016075823737827
2011-07-11,0.999764796510167,1.0023183814899894,1.000820030728241,1.001943181801764,0.997677659123499,1.003259706569002,1.0011691999527172,1.0039451448394614
2011-07-04,1.0117814829439664,0.9917880216404681,1.0162517453120483,1.0088646522332085,1.0089035242325592,1.012839343360235,1.0067260466331587,1.0127122676667284
2011-06-27,0.9869626496002187,1.0210173847183026,0.9827992215173385,0.9897916222879576,0.9947789857397169,0.9907323458246837,0.9918279184761163,0.9895767455335004
2011-06-20,1.0025906854119333,0.9997764166784798,1.0038026206432902,1.0035559901485396,1.000279753789807,1.0089841949214484,1.0026755853290232,1.0097078569251694
2011-06-13,1.0028341757203587,1.0020159032140674,1.003299649310178,1.0022912848707155,1.00055991416553,0.9992671125222752,1.0008368033472805,0.9984600235389076
2011-06-06,1.0002361918149683,0.9848885623256759,1.0010322667536828,1.0009342818075015,1.001308044497955,1.0001832875206156,1.0013407407856791,0.9997283191401617
2011-05-30,0.9998819652741695,0.9811688532214534,1.0030023916762558,1.0022133480700317,0.9981347944368254,0.9950765864332605,1.001846826698341,0.9960310031027333
2011-05-23,1.0061793937925276,1.0032573724920169,1.0081410919140192,1.0061670321199143,1.001400840466925,1.00734755707839,1.0042151407146327,1.0068113703858745
2011-05-16,1.0013089124070809,0.9969690516443727,1.0019869796490177,1.0012864665743815,0.9987874452010075,0.9976177203591716,1.0013506837751143,0.9973731793954133
2011-05-09,1.0015492431629491,0.999459017634967,1.0028317252822596,1.0023209489844247,1.0010270961909822,0.9930846043114723,1.0016911719653108,0.993073706810717
2011-05-02,1.008533738288476,1.002168459216032,1.0122080789450554,1.005792823593539,1.004878926536331,1.003286488953807,1.004928636981645,1.0037923069977426
2011-04-25,1.004952240548952,0.9991334091459951,1.0043714254785006,1.0050399894848803,1.0022569683000553,1.0023792277155787,1.002214290618537,1.0023531722753765
2011-04-18,1.0037584625209097,1.0086320042165209,1.00160190091416,1.000086921004606,1.0033021795132029,1.000183012993172,0.9994892237150417,1.0009965664340434
2011-04-11,1.011776325261641,0.9954317490660921,1.0160589728273015,1.011426589032959,1.009236355331798,1.0144847359140108,1.0096253351667241,1.0135904037908101
2011-04-04,0.9937827379468821,1.0010889155526528,0.9891596648955601,0.9949278442488475,0.9954501990521326,0.9961153718809587,0.9958918519648015,0.9958848101670748
2011-03-28,1.0001219458713217,1.0002177739054674,0.9996781223072356,0.9997377251198913,1.0006639476429857,1.0037133307888353,0.9988031458778203,1.0035792860093546
2011-03-21,0.9885500302693743,1.0008720514687603,0.9918058530189864,0.9933993225065079,0.9945287992731099,0.9926281420061975,0.9948971084385593,0.99271134306284
2011-03-14,0.9996385662650602,1.010241163093077,1.0032027650945397,0.9988722303861949,0.9988693488904051,1.00388527296735,0.9993200578167581,1.0038412842085709
2011-03-07,1.0102239040786805,0.9868506950722895,1.0118828778221889,1.009546304081275,1.0053997727434594,1.007455675397738,1.0080534782718733,1.0075562018307094
2011-02-28,0.9925103284913062,0.9948107783783784,0.9914319055982037,0.9958136753597183,0.9962249716874292,1.0024290358744394,0.996754944436464,1.0034211279996095
2011-02-21,1.0032722941880428,1.0098253495595053,1.0029001611793804,1.0015723357379718,1.0014176543127806,1.008289336537704,1.001368188791377,1.007921705277119
2011-02-14,1.0128897988324304,0.9954357855499603,1.0140507573042319,1.0105932557432316,1.0084826536119456,1.0178331728539534,1.007755963460876,1.0167725198215911
2011-02-07,0.999509190184049,0.9997826597155295,1.0004358832004756,0.9978858526573078,1.002292682460833,0.9969413305880074,0.9994832213519936,0.9973537566837491
2011-01-31,0.9819277108433737,1.0028328830119078,0.9783581456815091,0.9842205734080312,0.9868954464033187,0.983455574045038,0.9870769939282946,0.9839129348715554
2011-01-24,1.004477829038285,1.0042674253667518,1.0033159162117002,1.003741989252737,1.0015106788212378,1.0058622918709854,1.0034123869064602,1.0057046759562334
2011-01-17,0.9978263373463673,1.0004378872564397,0.9981848602099143,0.9983493136116302,1.0011343605255694,0.992492529889124,0.9984667802646204,0.9921135738737573
2011-01-10,0.999155417440471,1.0072774946018852,0.994689889775281,0.9986117994341176,1.0015147401593247,0.997005987967926,0.9984691274286593,0.998980443034391
2011-01-03,1.0055811576214793,1.0036520694593618,1.0067358602238412,1.0047947258721532,1.0032291575648207,1.0081116962124768,1.0035848240496816,1.0076585318016251
2010-12-27,1.0032866219528516,1.0012188476454293,0.997866168850971,1.0010472380154372,1.0013314122428645,1.0001886415094334,0.9979557240552688,0.9983216783216784
2010-12-20,0.9909529555861772,1.0066926713509723,0.9996800448020469,0.9970416427390584,0.999904887793652,1.0001886771017672,0.9981295698328588,0.9993477450614983
2010-12-13,1.000120678008453,1.0079829096473376,0.9996801471406317,0.9996520744572316,1.001333155640189,1.004740234935903,0.9994901597552686,1.0045867077677297
2010-12-06,0.9778223656183449,0.9951885309884124,0.9719171088082902,0.9837426033094223,0.9866590945761161,0.9784786649915151,0.9875796915884629,0.9803615767609292
2010-11-29,0.9905351135654332,1.0065322895986901,0.9899466252581053,0.9970992577177651,0.9951383881824982,0.9951994460856723,0.9973217275754359,0.9940704070223388
2010-11-22,0.9981339397745265,0.9911810562361899,0.9977482701458017,0.9974470002987491,0.9963670423170384,0.9976054338256505,0.9978286787678081,0.999088607372506
2010-11-15,1.0087058588235294,0.9992191857396725,1.0096104167493154,1.0041015381022094,1.004021698541371,1.0123065446148323,1.003351784928835,1.0100340976719349
2010-11-08,0.9744353671522861,0.9795673616553986,0.9732474806396462,0.9832801373705294,0.9847116967266218,0.9715579715297468,0.9882410899595714,0.9729511424460162
2010-11-01,1.0084393410404626,1.017227920226432,1.010775612154856,1.0034566731012844,1.0043474424197578,1.0010881755728724,1.0024904698655155,1.0009862022504372
2010-10-25,0.9947102230302464,0.992936762024757,0.9937367914685684,0.9999999999999998,0.9975087838624984,0.9940508023426932,0.9983424167630559,0.9945608471768015
2010-10-18,0.9989660655152416,1.00991975022381,0.9972798308023406,0.9978127198331103,1.0003692265227702,1.006167240954703,0.9985104931648623,1.0035794362416106
2010-10-11,0.9956537001029395,0.9988866733466933,0.9918065549199329,0.9988236366889566,0.9974221506642948,1.0,0.9976881935652542,1.0018827236696906
2010-10-04,1.0090017078130016,1.01023502372129,1.0090744303286951,1.0056617037573667,1.0040673137363656,1.019604235250601,1.00431180770003,1.0196544658529527
2010-09-27,1.0016183099845495,1.0001125084339144,1.0014135601634335,1.0017776941110055,0.9991687817186217,1.002781936304968,1.0016610963179218,1.0033018435595875
2010-09-20,1.0102768309100842,0.9973076396377343,1.0150661166342112,1.006990018020459,1.0069754466880745,1.0127722760040467,1.0048406109163748,1.0113162139192324
2010-09-13,1.0043396081552987,1.0039418627779948,1.0033936857958388,1.004538439840199,1.0013037623636387,0.9953262293764731,1.0033495394967265,0.9958433032358524
2010-09-06,0.9941697762553691,1.0120825027214468,0.9912334350914056,0.9955668884339244,1.0013988062520263,1.0022485104412313,0.9958305536329313,1.0025930634582405
2010-08-30,0.9944341835443918,1.0063088208304656,0.9927140052620925,0.9970250829235007,0.9948047499768069,1.0005624109486313,0.9973386559770234,1.0003705855036025
2010-08-23,1.0015096620426238,0.9937307308652438,1.0039622066443155,1.0022148649988485,1.0004640987648803,1.0067950169875426,1.002668445674924,1.007278816450959
2010-08-16,0.9987241939373209,1.0058473055967976,0.9964567827136747,0.9985539383898256,1.00065013468283,0.9960519081792049,0.9978365618239307,0.9960959472746617
2010-08-09,1.0141143735867222,0.9887768052236346,1.019822403264274,1.0080603239223034,1.007202955898916,1.0064333209624718,1.0080523233005816,1.0053266048906344
2010-08-02,1.008780232662319,0.9969484178249859,1.0116983812763396,1.005865111163272,1.005928352533296,1.0066666285714285,1.0033664534590139,1.0060167244707137
2010-07-26,1.0034528039874464,0.9953876026030779,1.0030382504883686,1.003548887765506,1.0009418668351109,1.007870992512958,1.0028696487890056,1.0067196571372456
2010-07-19,0.9998809285714287,1.021606676896755,0.9983264930621639,0.9990487720429678,1.0036868974037985,1.0025019438510767,0.9994938754850684,1.0032282947208508
2010-07-12,1.0086455452527083,1.0055472437946058,1.008331586163257,1.0063527541083372,1.0067573807937567,0.9944497416267942,1.005087315497926,0.9966878205107945
2010-07-05,0.9973652574850298,1.0135878641119411,0.9935037511839112,0.9969634045295263,0.9999048153805707,0.9990439961576288,0.9957784532965477,0.9974513498687679
2010-06-28,1.0011990167578173,0.9939457910576994,1.0033641609536115,1.0013901303456145,0.9981003419092009,0.9907179012934665,1.0016915088242813,0.9910196446956103
2010-06-21,1.0143517512241336,0.9920304575645538,1.0176527440071386,1.0113346808072172,1.0101707539786846,1.0051409177456208,1.0081855390208996,1.0055498448979374
2010-06-14,1.0030498962663184,1.0261941320542565,1.0016073831975998,1.0007033763992776,1.0038528414563666,1.0055523645414515,1.001708199492514,1.0054856236029805
2010-06-07,0.9950231122246826,1.0167510237376107,0.9931886014600745,0.9957100508167568,0.9941587666379391,0.9967556871467297,0.9962560073606538,0.9968886007333322
2010-05-31,1.0062293145390506,0.992940086155319,1.0107573150899023,1.0060777063866617,1.0048109304339456,1.0051793783775296,1.0059920903954804,1.0066438590865237
2010-05-24,0.9929655061115404,0.989814047139642,0.9948629817024188,0.996839055200975,0.9935946652694965,0.9946575271894679,0.9964176219109114,0.9934936164028209
2010-05-17,1.0111601175967606,0.9833449687474383,1.0185306740468865,1.0081437372032953,1.003453568753906,0.9996185390043868,1.0063519141630903,0.9983055634480213
2010-05-10,1.0036927992046478,0.9976760747775061,1.0057004713253623,1.004445629906236,1.0039487237995046,1.0024856788238181,1.0036181770568888,1.0034003966165939
2010-05-03,1.0055699590844167,0.9696901183098591,1.0111961202881734,1.0083378159553718,0.9950168087209738,1.0021076835046498,1.0078138739364475,1.0015136127283473
2010-04-26,1.0052258054538084,0.9908451490454395,1.0063587684778978,1.0038700386655566,0.9999041586814873,1.009477717418226,1.002436884204754,1.0089720533255335
2010-04-19,0.9986332008461779,1.0144976666157244,0.9992197079391341,0.9982928841430488,1.0005752252895406,1.0031043848835006,0.9980889506933817,1.0035440133420688
2010-04-12,1.005246128035127,0.9980782500347986,1.0044787930686103,1.0037879330029202,1.0042365106874638,1.002723715847326,1.0036617786804458,1.0024003840153553
2010-04-05,1.0090748933236648,1.0114337984385293,1.0118966233424738,1.007175956296701,1.0073715035377595,1.0142068271507503,1.005963866197645,1.0140200858146244
2010-03-29,0.9910067197353664,0.9855758504750023,0.9894619391074643,0.9923381468841147,0.9917275682954984,0.9947006674249133,0.9930325378853858,0.993711281020595
2010-03-22,0.9903513354948706,1.0025985311806909,0.9851998676253604,0.9927516957494406,0.9967401343532067,0.9889363548136646,0.9956642386403055,0.989848716526503
2010-03-15,1.0039741556373878,1.0046538480057627,1.00443756383889,1.0008956381389047,1.001825031216982,1.001944807543555,1.0006942207687297,1.0022074670849896
2010-03-08,1.000496943321436,1.0028457598826583,1.0015555444444444,0.999194594580179,1.0007690281797377,1.0041007421226469,0.9993062608394035,1.0042409831325303
2010-03-01,0.9996273879113802,1.0145513576418228,0.9939259748009063,0.9966107296661418,1.0008658456635393,0.9978565666406858,0.9960269648648636,0.9983641454650527
2010-02-22,1.007382432617178,0.9966620509897115,1.011731877094972,1.007367475093419,1.0044452839410405,1.0048952418249462,1.0059079062712064,1.003282448285722
2010-02-15,0.9971303307016761,1.025374647986263,0.9909211691762622,0.9936612892837909,0.9999034302812531,0.9935797278762751,0.9960193838009584,0.9930016679705047
2010-02-08,0.9954049302808592,1.0017734806863683,0.9951520274316433,0.9981286847431056,0.9989382239177262,0.9932367536231885,0.9977551200138145,0.9940912799008863
2010-02-01,1.0044909304146243,0.9837171324592769,1.0074370743672807,1.0052853535416648,0.9994211267829007,0.9973020041877435,1.002944198027565,0.9970543709056321
2010-01-25,0.9940476809777737,0.9894131302781786,0.9964604801919928,0.9991049315554035,0.9951042141711474,1.0028990528450308,1.0,1.003049942871711
2010-01-18,1.005987961278046,0.9750897562245371,1.0057849038356312,1.0043146337078652,1.0024056967360606,0.9999999999999998,1.0034758602107081,0.999904679310016
2010-01-11,1.0042596341768983,0.9946429128268506,1.0097731074962852,1.005149981929888,1.0027984175006932,1.0048553115224192,1.0033130428356771,1.0051729189115137
2010-01-04,1.0054163119462944,1.0120862872708267,1.0022517113262779,1.0039913099417872,1.0038747843117397,1.0035081075129975,1.0045541776142934,1.0021119420584035
2009-12-28,1.0040470342734287,1.0016972392519994,1.0002251914338336,0.99882209842832,1.0020385168720063,1.0041096479103582,0.9954664688915944,1.0040481734939761
2009-12-21,0.9883749999999999,1.0053462971062999,0.9888641429109977,0.991555161109607,0.9961322567420664,0.9918477872670806,0.9937618955772292,0.9923481303008665
2009-12-14,0.9953962549932964,1.003080842116395,0.9904048194640968,0.9957953032366728,0.9975885019309056,0.9994180601245017,0.9967184284380508,0.9997131478348987
2009-12-07,0.996775468068044,1.0148216533716805,0.9932084237790729,0.9955468471281336,1.0018360455417066,0.994789637205712,0.9963861814423305,0.9957155383768022
2009-11-30,0.9867824989203584,1.0053550522618144,0.9809800447234054,0.9871637152657591,0.9913777158723458,0.985358433162198,0.9929938653451811,0.9855493947640048
2009-11-23,1.010386991082466,0.9973296759780451,1.0147203032899388,1.009407152999645,1.0051035147829275,1.0084371617090255,1.006362820073506,1.007754137115839
2009-11-16,0.9997528000958438,0.9980300580059076,0.999346213338113,1.0011550155178583,0.9993264049139032,1.002306419417767,0.9999999999999999,1.0033206640736116
2009-11-09,1.0079750654205606,1.0040722049123514,1.0101265714942556,1.0054493567009226,1.0071719131614654,1.0052164028290724,1.0046648409698544,1.0051497329281924
2009-11-02,1.0022480329711505,1.0095137186929024,0.9985710596206506,1.002417874136615,1.0016503057635124,1.009557206943632,1.0010377205119336,1.0095311251699879
2009-10-26,1.0089465598671048,0.9797468013867249,1.0031977174286533,1.0026936786560021,1.002920864570149,1.011242583604683,1.0069662489364768,1.0111955022274581
2009-10-19,0.9910089787460297,1.0101127863549086,0.9865114978788209,0.9930450380197051,1.0048918892476275,0.9875341059602649,0.9929101852702686,0.9854182940410264
2009-10-12,1.0003747532651563,1.0036164021976623,0.9982626125860621,0.9991981824518562,0.9999999999999998,1.0106299411541328,1.001558711411198,1.011645933504989
2009-10-05,0.991945551125609,1.0139578895912245,0.9927769945498708,0.9955650167742596,0.99021505541145,1.0,0.9943172378164284,1.0005826179671018
2009-09-28,1.004105934897128,0.9776801205310499,1.0045484732314698,1.0037392984330487,0.997198338378933,1.0045481313031441,1.0053670708229596,1.004193076425361
2009-09-21,1.0098003146023529,1.0083965131195334,1.013388860402035,1.0068124956402382,1.0069065950620002,1.0075712494036908,1.0041724269819194,1.007070617557289
2009-09-14,0.9993721371091429,1.0196195248423194,0.9960647137276548,0.9962492856871952,1.0025356348741956,0.9972182993356528,0.998264508820974,0.9981376690297297
2009-09-07,1.0050479683252893,1.0166827488312045,1.0053852622350865,1.0020581923937362,1.0017584994138338,1.004590898386862,1.0020869391304348,1.0055193968610232
2009-08-31,0.9946027361516941,1.0048590986394557,0.9933406112083102,0.9986594995771315,0.998147206313127,0.998803787878788,0.9967065522050018,0.9970518573692638
2009-08-24,1.007970609716971,1.0037800023465429,1.0064827599937858,1.005571558281556,1.00637882224968,0.9954356220566704,1.005577828230396,0.9957921519563134
2009-08-17,1.000506341772152,1.026793525974952,0.998792789767577,0.9978479375317774,0.9997056999901893,1.0138832592780027,0.9979126283557963,1.012784935326364
2009-08-10,1.0162078985389218,0.9536716776119403,1.0220975990555785,1.0143714296093973,1.008608767239438,1.00525894023582,1.0116135839657372,1.0062830858566794
2009-08-03,0.9956454406853114,0.9982121335348715,0.9912163666618552,0.9974596352979528,1.0017842982114253,1.0004047147067874,0.9963183906676298,0.9988046418846966
2009-07-27,1.0083947048947437,1.0225472142883407,1.003122886320639,0.9971953496534457,1.004680748742924,1.0014184397737969,0.9975516089541799,1.0000996413657992
2009-07-20,0.9980664862576314,1.0242167266980815,0.9929125251524079,0.9948694958572365,1.0052057663429772,0.9929576862583966,0.998602899008135,0.993369559820795
2009-07-13,0.9960200667097195,1.044458984789791,0.9833387894296245,0.9925846332529259,1.0050306871918704,1.0083181170964064,0.9911718539034098,1.0080806565858074
2009-07-06,1.0093300637379827,1.0007828549162687,1.0122354606235069,1.0054796981674452,1.0042436899213154,0.9977732591994631,1.00574514285768,0.9969169071034237
2009-06-29,1.0006482753897195,0.9659692823780834,0.9979099879920806,1.004693113591342,0.9890077145997803,0.9985850212535876,1.0015693287382503,0.9959390253163535
2009-06-22,1.0128710797592735,1.0287862151665115,1.0154138837865954,1.0090156180496428,1.0129567770017203,1.0058967263115086,1.0095053157981813,1.0061790215738098
2009-06-15,1.0023696682776417,0.9816701242787709,1.000670593487531,1.001276556966838,0.9958669756397975,1.0010176877464343,1.0008809549288566,1.0021972931822625
2009-06-08,1.0161872775919734,0.9956906971941519,1.0149744636420994,1.0101316938380769,1.012038360009727,1.007588248875646,1.0081704974808254,1.0061300471082293
2009-06-01,0.9891491332539366,0.9993667510842337,0.9828297472888895,0.9822672666449586,1.0026595130388807,0.9900507208121827,0.9871997192214574,0.9888701676101609
2009-05-25,0.9932965038565584,1.0273259473604672,0.985712759329877,0.9912115237877944,0.9998977805010856,0.9999999999999998,0.991653642554465,1.0000993241870608
2009-05-18,0.9886940216514889,1.0196363930090329,0.9783870752688172,0.9909357770455501,1.0076264868108107,0.9977714546642736,0.9942945712309817,0.9949570452375274
2009-05-11,1.000650130022103,0.9871644397423559,0.9957173234321773,0.9979602430301481,0.999793858844148,1.0069359649122807,0.996897621509824,1.0102897005052889
2009-05-04,1.006412746686939,1.012868148562012,1.002361043142305,1.0012431095388978,1.0126252926805213,1.0117646849996973,1.0017265539270217,1.010804796635411
2009-04-27,0.9947924227260104,1.01672508789756,0.9829113613002735,0.990849894743977,1.001044474640578,0.9825593189503281,0.9885645673323091,0.977109037535452
2009-04-20,1.0000000000000002,1.0226206758620688,0.9937107024379307,0.998945377034148,1.0020933431023658,1.0073544431592552,1.0032533902995417,1.0075554431874123
2009-04-13,1.0049718435169437,1.0034602076124568,1.000944329051397,0.9998242179308202,1.0045210808537484,0.9890886850236941,0.9984612754843125,0.9884052173058431
2009-04-06,1.0152763152932562,1.0278844639652234,1.0075052855709363,1.0048565386313466,1.017001754362778,1.0056899615055876,1.004465086725056,1.0050364901237112
2009-03-30,0.9862439018408513,1.053033722846442,0.9811242476897791,0.9896015206291239,0.9946819823306524,0.9847908348050661,0.9894647744932805,0.9805365056803477
2009-03-23,1.0009179123808571,0.965013762180534,0.9987569608581213,1.0010497025892233,0.9990436297949207,1.0101071354334517,1.0001699184228416,1.0147391180526417
2009-03-16,1.0122113890210453,1.0271755584897864,1.0252760928090021,1.011412908178474,1.0092225201072387,1.0410353745791248,1.0134343607744687,1.035300039614444
2009-03-09,1.0026616582733787,1.0924723733366708,0.9961913562058196,0.9976169109192343,1.0001072715595727,1.0143010038122096,0.9963961043418569,1.0123584451567136
2009-03-02,0.9923401744276259,0.9461242840790703,1.000953055173144,0.9972713845852355,0.9907554776325577,0.9930054684188214,0.9982868082625803,0.9945713508523409
2009-02-23,0.985424322510376,0.9439293658618964,0.991078935674632,0.9991205874515925,0.9815394447546819,0.9768116144267414,1.0,0.9776686963982707
2009-02-16,0.9839928279673621,0.9596774043291828,0.9909516070524885,0.9940554243732443,0.9873339305941715,0.9938271808159336,0.9910016471646301,0.9934341820563324
2009-02-09,1.0191854991182916,0.9666666137992843,1.0298843291571944,1.0138260832433557,1.0059042883778744,0.9993830351761663,1.0179744379886893,1.000198975124378
2009-02-02,0.9903063206550475,1.02057613112274,0.9806723103153038,0.9865349220984106,0.9832959869627216,1.003715170201957,0.9853542236826597,1.009441563066323
2009-01-26,1.0023319211728998,0.9918367619047619,0.9918732446799361,0.9973838405404002,1.006974358974359,1.013386320573388,0.999319315837962,1.0126118592351505
2009-01-19,0.9845663269243284,0.9840674525621248,0.982294585838651,0.9903272908685784,0.9901492639352237,0.987809897197938,0.9910608367168013,0.9867523182130904
2009-01-12,0.9929078393225411,0.9707564343447769,0.994706260978125,0.9980176176008694,0.9969627011020634,0.9979381855670103,0.9976443042234563,0.9963003400399891
2009-01-05,1.0071428186953362,0.9686516681354651,1.0132027440908535,1.009747562928676,1.002435786104451,1.0484220081462174,1.0089982679457294,1.0308184404499618
2008-12-29,0.9851721541801417,1.0549873681101427,0.9744697853949097,0.9893232563227421,1.0017283245221633,0.9532247878265978,0.991916487168803,0.9663346122244102
2008-12-22,1.008746393823633,1.017432445945946,1.0023171065420693,1.0002583584509657,1.0155911412615621,0.993652723177723,1.0015179625313213,0.996723905587494
2008-12-15,1.0332678594176257,1.1417991403116539,1.0236155612703357,1.001379939664854,1.0229192860160539,1.0449293519499636,1.0005062943134089,1.0470894609279457
2008-12-08,1.0177286197438795,0.9924960952911438,1.0186994323206335,1.0125752770487244,1.0073412279464036,1.008196742704988,1.0086808170212767,1.0020833020833333
2008-12-01,0.9998666933208942,1.0171340506448934,0.9986361938732693,0.995219919958629,1.0123869242734562,1.0126693318625892,0.9993195951808199,1.0099947077329392
2008-11-24,1.02556034578675,0.9981342817164178,1.0358618029513733,1.0217564779170902,1.0206683817062447,1.0406909961040687,1.0162489720397225,1.0476137976100366
2008-11-17,1.005359447795497,0.9273356267685174,1.019951185768664,1.0034753163119292,0.9924713367709472,0.9511351783783785,1.0080153163968517,0.9489593353314575
2008-11-10,1.0108348245821597,0.9519626687899716,1.0167924935154125,1.0085378271377146,0.9951140498396104,1.007844868333948,1.0082572209507106,1.0087571429495372
2008-11-03,1.0169515042103192,1.013492864285615,1.0116292784360879,1.0074241740359666,1.029280217734456,1.0161647254207262,1.0040571353687977,1.0174986254965408
2008-10-27,0.9910401931961362,1.0851320603773587,0.9817551256662244,1.0009969277142263,1.0118738437181953,0.9982316092735803,1.0028303556134859,0.9978575682454756
2008-10-20,1.0033712318198842,0.927871122468596,1.0147659584874382,1.0072112549371632,0.990812324929972,0.9710238677827862,1.0073057734730182,0.964558782440161
2008-10-13,1.044301072152005,0.9333333594771243,1.0110243336925968,1.0143518796296296,1.0349026214031218,1.044618880924614,1.0596676748426677,1.0295744574468084
2008-10-06,0.9234624492007586,0.9640832001029159,0.9585030700826213,0.9732360009620978,0.9430289969613557,0.9026512446873102,0.9273331828518089,0.9235606300212285
2008-09-29,0.9926045048028302,1.0016409618575997,1.0077647918410475,1.0112083380938284,0.9899328640383819,0.9911735603279265,1.0091889203039408,0.9874842243135733
2008-09-22,0.9883056877076409,0.8917154948993918,1.0128075494257376,1.013202843933207,0.9779800762227399,0.9873241438968452,1.0042591305859496,0.986315789473684
2008-09-15,0.9646198957923369,1.0024824305185365,0.9744909776435726,0.9845468232970306,0.9655524692721562,0.9892241577346367,0.9915536867304703,0.9889278127931829
2008-09-08,1.0104922931538451,0.9600260526492483,1.0143252965799456,1.0145716314673061,0.986885947480802,1.0009805647781695,1.0126515148369837,1.0007576664743885
2008-09-01,1.0048157619467455,1.0055555009077723,1.0053589706374901,1.0027744659976268,0.9982879557587933,1.0013747840288603,1.0019639529356885,1.0009479382111657
2008-08-25,0.9983108497701515,0.992432464864865,1.001229611013074,1.0009256502908974,1.0020182240568762,0.9862482474094857,1.0007146149595387,0.9888451256092987
2008-08-18,1.0041753653989476,0.9999999999999999,1.0030272115029215,1.0009265171870658,0.9956796944776389,1.0048657064058835,1.002148666146774,1.0047089847428894
2008-08-11,1.0073606333501413,1.0054347826086956,1.0140989771722222,1.0092575087103515,1.008818102216983,1.0110193034238488,1.007032077299533,1.0131679099283992
2008-08-04,0.9992120173261362,0.9980472987632892,0.9992047261714857,0.9991591422886962,0.996666390477147,0.9931600935376234,1.0009023461469049,0.9919545765839173
2008-07-28,1.0009201919284871,0.984093113784416,1.0034199270015967,1.0014034618657408,0.9993941847796389,0.9943645354520899,1.0000000000000002,0.993791778643435
2008-07-21,1.0018438035032264,1.0018181604278076,1.003431743386679,1.0044168121636385,1.0059923217550275,0.99728684098011,1.0041681768756796,0.9970924311454012
2008-07-14,0.9890582645196664,1.011576328032024,0.9885785140789323,0.9924454673340286,0.991640648605096,0.9828571047619048,0.9933393518152895,0.983488599446966
2008-07-07,1.00484286636537,0.9915254130924115,1.0035178959310747,1.0016816143340657,1.0010081459621303,1.0036321735111418,1.000180014400792,1.0033318000000424
2008-06-30,0.9966083748182427,0.9917021382978722,1.0013636704545454,1.0027166370023421,0.9998992540281957,1.0013399501784093,1.0034327553182567,1.0018544738406021
2008-06-23,1.0100132013171752,0.9874986660889029,1.0165184243964422,1.0130005982065078,0.9990935240205457,1.0213098720895455,1.0131795165077884,1.0213068185853564
2008-06-16,1.002774474758238,0.9900156008317089,1.007213531374527,1.0055342937347054,1.002827976914898,1.0055042855416607,1.0016501649862455,1.0052355543483422
2008-06-09,0.986831876929539,0.9890958027887647,0.9841978132555177,0.9868173819251614,0.9904962184873951,0.9902666924326786,0.9901960606319514,0.9895440753751289
2008-06-02,0.9967511369753531,1.0044430667952369,0.9978291246970679,0.9977451616357541,0.9961136222444168,1.0009742595479347,0.9987307344068639,0.9985890884881777
2008-05-26,0.9927750614688411,0.9892670655368074,0.9935293560462869,0.9966292042145356,0.9974157439618329,0.9833301587148909,0.9965667148536321,0.9867273062321756
2008-05-19,0.9921914877550634,0.9833149458903396,0.993682955585269,0.9941357442055291,0.9888932767622031,0.9950428599610511,0.9958610761202086,0.9970386821587766
2008-05-12,0.9998720849816495,1.0062708099644744,0.9974122973924042,0.9974930639970216,1.0006885020298715,1.0074913559836465,0.9974870040834141,1.0037153444653408
2008-05-05,1.0006403047991725,0.9922722199144139,1.0066824781211634,1.0051329443745602,1.0011816247688181,1.006573859114968,1.0023389167924104,1.0102280566763628
2008-04-28,0.9997439692636101,1.0016083232325597,0.9950411136580262,0.9969296521139844,1.000098522749655,1.0021313698482588,0.9974874551778989,0.9997185928652644
2008-04-21,0.9984658271737942,1.0164503928747197,0.9923945758910824,0.9939887726067353,0.9989178357320643,0.9911657576339544,0.9948224065282059,0.9907063195298572
2008-04-14,0.9898760310001022,1.0104274415607326,0.9855599979545857,0.9865875818720361,0.9943264992927124,0.9841239841239842,0.9890516865786387,0.9855284667521526
2008-04-07,1.0064959239206235,0.9937416641659826,1.0038729444326788,1.0055045688073394,1.0035339353384916,1.00551123157566,1.0060401491199125,1.0048780302829632
2008-03-31,0.9863065825705172,1.0082756079088775,0.9856036757420944,0.9852662293753836,0.9984318729477972,0.985762420648887,0.9884108869462531,0.9886260238648586
2008-03-24,1.0124649575503073,1.001969268180889,1.0086908688956906,1.0069172110607842,1.0041334317488435,1.015794519805795,1.0040550069806946,1.0131833777709653
2008-03-17,0.9904258751735654,1.0283521956938821,0.9862211562595457,0.985911710590242,0.9948110436655572,0.9861136801254704,0.9878091775621447,0.9875273575210253
2008-03-10,1.0054464853241223,0.9846767525679758,1.0106359762270605,1.007868336800217,0.9990219287758594,0.9864865049981489,1.0100263855770055,0.9849354282174166
2008-03-03,0.9986086389731507,0.9946758326059524,1.0105262825484764,1.008666274165309,0.9938757267643488,1.0131282820705176,1.0040621512550716,1.0137259792068727
2008-02-25,1.0158036228754048,0.9948073528423786,1.0217366461737427,1.0165060002413202,1.011802931283622,1.0293436492151282,1.0141500442718951,1.027170906203005
2008-02-18,0.9997431470711149,1.0109186456692913,0.9998868689104312,0.9993512371661111,0.9992137395577395,1.0038759885223252,1.0008964324291223,1.001777139583682
2008-02-11,0.9804785395345454,0.9984276520245774,0.9831941899431094,0.9908181070308288,0.9887279763394042,0.9735848679245284,0.9872566194690264,0.9817263731547038
2008-02-04,1.0031585596169663,0.9705972228039758,1.0045840338867613,1.0060970346420324,1.0024352229715479,1.0093315943375203,1.0060541310541313,1.0041494238123398
2008-01-28,0.9955975094339621,1.000916537706208,0.9952153000373217,0.9983399428202527,0.9982497860073819,0.9992388011272846,0.9983999999999998,0.9943155496470156
2008-01-21,0.9956168064024246,1.0114327020880711,0.9918331531637441,0.9950444985312977,0.9984465631067961,0.9979111090011396,0.9962805702493902,0.997713135748262
2008-01-14,1.0169383730363617,0.995182431225552,1.0225708156802749,1.0160373053613052,1.0096059992003923,1.014252735525914,1.0145552016332362,1.0149475537549675
2008-01-07,1.0017861700096775,0.9893519623836127,1.0046485715866862,1.0051546674364016,1.0019642113533684,1.008155300970874,1.004694042330638,1.0071061432568342
2007-12-31,1.013709221417486,0.9790508342032285,1.0136765311188016,1.0111827144953387,1.0084183221071938,1.0113904560640399,1.00837427635172,1.0108695081984072
2007-12-24,1.0123069263802142,0.9890024053025297,1.0109213663297316,1.006294068221495,1.0069812110095229,1.0053306217046152,1.0034709169356624,1.0097347204593885
2007-12-17,0.9941428479983639,1.0033497142857142,0.9981444625486094,0.9976215393623673,0.9995015550239232,1.00796023880597,1.0003655153441975,0.9970501759273072
2007-12-10,1.0018255313124127,0.9999999999999997,1.0008124303243997,1.0028623509753334,1.0030996699710095,0.9984104510864116,1.0007315471836136,1.0074776916398753
2007-12-03,0.984340881307104,0.9913077545786477,0.9832250022786148,0.9887735660377359,0.9859029971233636,0.9763337143808674,0.9927377998279665,0.9782425296326325
2007-11-26,0.9942573124775739,1.02389999,0.9946651417631135,0.9984928033725393,0.993925181146878,0.9879263894212342,0.9942238269233274,0.9882297963256758
2007-11-19,1.0129265768753029,0.9803921568627453,1.015913249355244,1.0112402454398863,1.0077014219530298,1.0181463414634147,1.0102115609044493,1.018116615829875
2007-11-12,1.0072916403401702,0.9985315516684964,1.008372104651163,1.0066161855727662,1.0054600811889174,1.0049019607843137,1.0055005316189856,1.0027438830022917
2007-11-05,1.0070810514796473,0.9995108121187126,1.0118837748413643,1.0103662079987774,1.0036867676365084,1.0129096728067397,1.007574357887043,1.0157616429862093
2007-10-29,0.996732453359497,0.9883945360078427,1.0004708770030917,1.0002907161490315,0.9961290322580643,1.0098274566821608,1.000924537687702,1.0024084777723943
2007-10-22,1.0024895440251573,1.0152184980897108,1.0023598466076697,1.0024285991368058,1.001989020308741,1.0034212518297696,1.0012961303942283,1.0105140380596376
2007-10-15,1.0148936575090555,0.9699999809523812,1.0194875864123996,1.0142871615782276,1.0096396027568872,1.0213771214233456,1.01009906470733,1.0180376507822069
2007-10-08,0.9960264503311259,1.0071942446043165,0.9955688263473053,0.995097558488039,1.0001003615163608,0.997948758974359,0.9986925663299858,0.9942845784109803
2007-10-01,1.0017247843283221,1.0048192771084337,0.9979682322927749,0.9990204916846115,1.0014078841229306,0.995507433214061,1.0011219334330592,0.9964651118014576
2007-09-24,1.0009296148368014,0.9932982573470058,1.00155610484132,1.0004899549148378,0.9994974771232782,1.0032780167326774,0.9973890525436226,1.0039431584396066
2007-09-17,0.996690933288249,1.0105456268329567,0.9903971900509118,0.9972634968725564,1.0020142813979256,0.9908648595560238,0.9972103217407475,0.9889831529687045
2007-09-10,0.9930336621179371,1.0233663465346536,0.9914197933375691,0.993398058252427,0.9941924302755095,0.9987834144363341,0.9946355716863566,0.9996101647050953
2007-09-03,1.0103585520441476,0.9926289926289925,1.0170950384436335,1.0112911342423394,1.0069570679572493,1.019008222355032,1.0100897047832582,1.0177544237254514
2007-08-27,1.001063573503542,1.0124378109452736,1.0007178610225078,1.001376452673055,0.9981884057971014,0.9977325086675948,1.0009350850769576,0.9992071159721087
2007-08-20,1.0048089766923727,1.0177215189873416,1.0045667228045516,0.9995086183272679,1.0002013690437432,1.0064314728956125,0.9994392710280375,1.0041799262287043
2007-08-13,1.0065886510721265,0.9969711964572073,1.0122871294022064,1.0105263657555024,1.0065862193416513,1.0039575715041689,1.0103871386140295,1.0066119314766577
2007-08-06,0.9990596588108636,1.023349540000521,0.9986635766896749,1.0016910176235054,1.0001013579246048,1.0022963673362684,0.9973629873799208,1.0018065134665446
2007-07-30,1.0025589494949494,0.9983497059829718,1.000607780194316,0.9995028534598757,0.9961639611581661,0.9902832952301693,1.0007540245193973,0.9934197010941266
2007-07-23,1.0039210519729724,0.9639092769157034,1.011434894591543,1.0082197271808395,1.0004039790104615,1.0121363881118146,1.0062594460117706,1.011292629562412
2007-07-16,1.004891318067699,0.9900581352518216,1.0059369698438334,1.004936083558056,1.0031404720899604,1.0048359965341465,1.0057230639344932,1.0059844205694055
2007-07-09,1.005739245695545,0.9973492539038951,1.0067239448816818,1.0054694012315588,1.003966639544345,1.00613499048022,1.0038298926880524,1.0047899815086634
2007-07-02,0.9914645980616342,0.9986274607843137,0.9927069964720149,0.9939595390323258,0.9938340240574141,0.9943205512343174,0.9950457507621953,0.9928159568386935
2007-06-25,1.0019003665508446,0.9931840601709074,1.0023541444970159,1.0010077496420111,0.9993938983613274,0.9949770195683766,1.000953652489033,1.0013171732923154
2007-06-18,1.0040887963436496,0.990356798178114,1.006610114741831,1.0040473640787742,1.0036500051434656,1.007379274720641,1.0051763803680982,1.0075540833764198
2007-06-11,1.0013648970123474,0.9977869431348021,1.0002494510853568,1.0006075225455358,1.001319776649746,0.9985263157894736,0.9994251963867636,1.0002041760219686
2007-06-04,0.988932392437975,0.9879277848268383,0.9865846646153849,0.9951636977329977,0.9929435884251447,0.9928929765886287,0.9952326467435669,0.9881949451297048
