Date,PRULX,VUSTX,WHOSX
2018-05-28,0.979707792207792,0.9789739276703111,0.9770043505282784
2018-05-21,1.039662447257384,1.0402449693788276,1.0523217789404842
2018-05-14,0.9883236030025019,0.9887543252595153,0.9839124839124838
2018-05-07,0.9983347210657784,0.9965517241379309,0.9987146529562981
2018-04-30,0.9983374896093101,0.9991386735572785,0.9955214331413951
2018-04-23,1.0050125313283207,1.0051948051948054,1.0109961190168175
2018-04-16,0.9803439803439803,0.9788135593220338,0.9772439949431101
2018-04-09,0.9959216965742252,0.9966216216216217,0.9981072555205048
2018-04-02,0.9959382615759544,0.9957947855340624,0.990625
2018-03-26,1.018196856906534,1.017979452054795,1.0178117048346056
2018-03-19,1.0016570008285004,1.0017152658662092,1.0019120458891015
2018-03-12,1.0058333333333334,1.0060396893874028,1.012911555842479
2018-03-05,1.0041841004184102,1.004332755632582,1.0045395590142672
2018-02-26,0.9999999999999998,1.000867302688638,1.0019493177387913
2018-02-19,0.9991638795986622,0.9991334488734838,0.9993506493506497
2018-02-12,0.9974979149291076,0.9974070872947275,0.9961190168175938
2018-02-05,0.9811783960720131,0.9805084745762711,0.9847133757961785
2018-01-29,0.9862792574656981,0.985797827903091,0.9727385980631102
2018-01-22,0.996781979082864,0.9958402662229616,0.9975277503090235
2018-01-15,0.9849445324881142,0.9844389844389844,0.9806060606060606
2018-01-08,0.9952681388012619,0.995110024449878,0.9969789122041639
2018-01-01,0.9999999999999999,0.9999999999999999,1.0
2017-12-25,1.002371541501976,1.0024509803921566,0.9963875980501143
2017-12-18,0.9867394695787833,0.9863013698630135,0.9857567359050444
2017-12-11,1.0047021943573669,1.004858299595142,1.0059701492537318
2017-12-04,0.9976544175136824,0.9975767366720516,1.0
2017-11-27,1.0015661707126078,1.0016181229773464,1.0011954572624029
2017-11-20,1.0015686274509805,1.0008097165991905,1.005408714267351
2017-11-13,1.0143198090692123,1.0147904683648317,1.0183597919216643
2017-11-06,0.9866562009419152,0.986223662884927,0.9843373493975903
2017-10-30,1.0143312101910829,1.0139687756778966,1.0196559570235897
2017-10-23,1.0007968127490041,1.0016460905349793,1.0018462153846155
2017-10-16,0.987411487018096,0.9870024370430542,0.9854457246816253
2017-10-09,1.0135566188197769,1.0140032948929159,1.0185298938523846
2017-10-02,0.9968203497615261,0.9967159277504106,0.9926426727555291
2017-09-25,0.9805144193296961,0.9806763285024154,0.9731502983293555
2017-09-18,1.0062745098039212,1.005668016194332,1.0108564535585043
2017-09-11,0.9899068322981366,0.9895833333333334,0.9863177267291924
2017-09-04,0.9900076863950809,0.9904761904761906,0.9888234705882352
2017-08-28,1.0124513618677042,1.0128617363344048,1.0149253731343282
2017-08-21,1.002340093603744,1.001610305958132,1.0029939519165296
2017-08-14,1.0078616352201257,1.0081168831168832,1.0090635655023303
2017-08-07,1.0047393364928912,1.0048939641109298,1.0091462804878053
2017-07-31,1.009569377990431,1.0098846787479407,1.015479876160991
2017-07-24,0.9905213270142181,0.9902120717781404,0.9847560975609756
2017-07-17,1.0111821086261983,1.0115511551155116,1.0148514851485146
2017-07-10,1.0064308681672025,1.0058091286307054,1.007481233947554
2017-07-03,0.9888712241653418,0.990139687756779,0.986469926199262
2017-06-26,0.9714285714285716,0.970494417862839,0.9592919788028332
2017-06-19,1.0148902821316614,1.0153846153846153,1.021699879445449
2017-06-12,1.0135027799841143,1.0122950819672132,1.0202952029520296
2017-06-05,0.9952569169960473,0.9959183673469387,0.9938874698112794
2017-05-29,1.0071656050955418,1.0074013157894737,1.0117502164502163
2017-05-22,1.0048000000000001,1.0049586776859503,1.0068493777614809
2017-05-15,1.017915309446254,1.0176619007569385,1.0216284351145033
2017-05-08,1.0024489795918368,1.0033755274261607,1.0025510204081634
2017-05-01,0.9959349593495935,0.9949622166246852,0.9999999999999999
2017-04-24,0.9871589085072231,0.9875621890547263,0.9812265331664581
2017-04-17,0.9983974358974358,0.9983443708609273,0.9981261711430354
2017-04-10,1.0138099106417546,1.0134228187919465,1.0165079365079368
2017-04-03,0.9959546925566344,0.9966555183946488,1.0000000000000002
2017-03-27,1.0032467532467528,1.0033557046979868,0.994318181818182
2017-03-20,1.0173410404624277,1.0179333902647312,1.0252427184466022
2017-03-13,1.021079258010118,1.0218150087260036,1.0238568588469186
2017-03-06,0.9809760132340779,0.9803250641573997,0.9792342634652823
2017-02-27,0.9813311688311689,0.9815281276238456,0.9753164556962024
2017-02-20,1.0098360655737706,1.009322033898305,1.0115236875800258
2017-02-13,0.996732026143791,0.9974640743871512,0.9999999999999997
2017-02-06,1.0041017227235438,1.004244482173175,1.0038560411311053
2017-01-30,1.0057755775577557,1.0059777967549102,1.0058177117000644
2017-01-23,0.9845653939886271,0.9840336134453782,0.9803548795944236
2017-01-16,0.9887550200803216,0.9891936824605153,0.9862499999999998
2017-01-09,1.005654281098546,1.0050125313283207,1.009463722397476
2017-01-02,1.0164203612479474,1.016992353440952,1.01994851994852
2016-12-26,1.0158465387823186,1.0155306298533213,0.9344558589570572
2016-12-19,0.9958471760797346,0.9731318219983208,0.996404913337033
2016-12-12,1.0041701417848203,1.0042158516020236,1.0158247717589777
2016-12-05,0.9653784219001611,0.9850498338870433,0.9710401891252953
2016-11-28,0.9849325931800157,0.9844644317252654,0.9854397204426323
2016-11-21,1.0031821797931582,1.0032813781788352,1.0076290488480606
2016-11-14,0.9976190476190476,0.9975450081833058,0.9947461759921878
2016-11-07,0.9326424870466321,0.9321128909229598,0.9145754938601174
2016-10-31,0.9970479704797047,0.996958174904943,0.9968067590842598
2016-10-24,0.9883296863603209,0.9887218045112782,0.9842850183342063
2016-10-17,1.0014609203798395,1.0015060240963856,1.002099790136472
2016-10-10,0.9963609898107714,0.9955022488755622,0.9942588204592904
2016-10-03,0.973087818696884,0.9737226277372263,0.9642676917832061
2016-09-26,0.9964714184897668,0.9956395348837208,0.9944945445445447
2016-09-19,1.0223665223665224,1.0230483271375463,1.0261941975446431
2016-09-12,0.9907076483202285,0.9904270986745212,0.9903356561546286
2016-09-05,0.9722029186935371,0.972083035075161,0.9646712936541363
2016-08-29,0.9972279972279972,0.9978571428571429,0.9956033217197517
2016-08-22,1.0020833333333334,1.0014306151645207,1.0044160944266973
2016-08-15,1.0062893081761008,1.0072046109510087,1.011916584504299
2016-08-08,1.002803083391731,1.0028901734104045,1.0044887782787422
2016-08-01,0.9889119889119887,0.9885714285714285,0.9871984237911584
2016-07-25,1.009090909090909,1.0093727469358327,1.011958096661684
2016-07-18,1.0028050490883593,1.0021676300578033,1.0040020010005004
2016-07-11,0.9720518064076347,0.9725931131412509,0.9671020803096274
2016-07-04,0.9993188010899184,0.9992977528089888,0.9975869207329596
2016-06-27,1.0222841225626742,1.022254127781766,1.0318724601593623
2016-06-20,1.035328046142754,1.0356877323420075,1.0414937219142257
2016-06-13,0.9907142857142857,0.9911569638909358,0.9922800308800824
2016-06-06,1.0218978102189782,1.0218373493975903,1.0247890835859221
2016-05-30,1.016320474777448,1.0160673297628156,1.0182598271611263
2016-05-23,0.997779422649889,0.998472116119175,1.0016138246369015
2016-05-16,0.9933823529411764,0.9931714719271623,0.9930556086033981
2016-05-09,1.0022107590272658,1.0015197568389058,1.0042918457238112
2016-05-02,1.0210684725357415,1.0217391304347825,1.0213698082191778
2016-04-25,1.0015071590052749,1.0015552099533438,1.0016465972363668
2016-04-18,0.975735294117647,0.974981046247157,0.9727709022957818
2016-04-11,0.9956076134699849,0.9954716981132073,0.9946893255443442
2016-04-04,1.006632277081798,1.0076045627376427,1.010735427307323
2016-03-28,1.0104244229337305,1.0099846390168972,1.0021516406670252
2016-03-21,1.0105342362678704,1.0116550116550116,1.0186301369863016
2016-03-14,1.002262443438914,1.001556420233463,0.9999999999999999
2016-03-07,0.9940029985007498,0.9938128383604021,0.9945504087193459
2016-02-29,0.9845018450184502,0.9840182648401826,0.9828602035350832
2016-02-22,1.0,0.9992395437262357,0.9999999999999998
2016-02-15,1.0044477390659747,1.0045836516424749,1.0043033889187736
2016-02-08,0.9911829537105072,0.9909159727479183,0.9877789585547289
2016-02-01,1.0334092634776006,1.035266457680251,1.0461367426347974
2016-01-25,1.0068807339449541,1.0063091482649842,1.004466778336125
2016-01-18,1.0038372985418267,1.003958828186857,1.00111799894455
2016-01-11,1.02437106918239,1.0251623376623376,1.0323138488170802
2016-01-04,1.003154574132492,1.0040749796251018,1.0069727488072484
2015-12-28,0.9937304075235109,0.9943273905996758,0.9378746049046319
2015-12-21,0.9945440374123146,0.9762658227848099,0.9978249590986927
2015-12-14,1.0070643642072215,1.0071713147410357,1.008223629385965
2015-12-07,1.001572327044025,1.0023961661341854,0.9989047097480833
2015-11-30,0.9792147806004619,1.0032051282051282,1.0093974571586513
2015-11-23,1.0046403712296985,1.00402252614642,1.0033277313739473
2015-11-16,1.0093676814988288,1.0097481722177095,1.0146314575126623
2015-11-09,1.003918495297806,1.0090163934426228,1.0050904977375563
2015-11-02,0.9762815608263198,0.9713375796178344,0.9714285180533782
2015-10-26,0.9864150943396227,0.9858712715855574,0.9827214362850973
2015-10-19,1.002269288956127,1.0023603461841069,1.0037939835342014
2015-10-12,1.001515151515152,1.0007874015748033,1.0010852414541507
2015-10-05,1.0030395136778114,1.0031595576619274,1.0038125814916894
2015-09-28,0.996969696969697,0.9960660896931549,0.9902912626595866
2015-09-21,1.0256410256410255,1.0266558966074313,1.0340212493028444
2015-09-14,0.9892390468870103,0.9896083133493204,0.9824657534246573
2015-09-07,1.0046332046332047,1.0048192771084337,1.0055096418732783
2015-08-31,0.9969207082371055,0.9967974379503604,0.9934318555008209
2015-08-24,0.9643652561247215,0.9637345679012345,0.9570455735987428
2015-08-17,1.0127819548872181,1.0132916340891323,1.0181333333333331
2015-08-10,1.011406844106464,1.0118670886075947,1.02013063221603
2015-08-03,0.9939531368102796,0.9929300864100552,0.9913699033781065
2015-07-27,1.0122417750573833,1.0135350318471341,1.0175632281867855
2015-07-20,1.028324154209284,1.0295081967213116,1.0352272159090907
2015-07-13,1.020064205457464,1.020066889632107,1.020289855072464
2015-07-06,0.9795597484276729,0.9795249795249795,0.9745762161256374
2015-06-29,1.0023640661938535,1.0016406890894174,1.0005652910929739
2015-06-22,1.0103503184713376,1.0107794361525704,1.0079773223918704
2015-06-15,0.9889763779527561,0.9893355209187861,0.9898476593344613
2015-06-08,1.004746835443038,1.0049464138499586,1.0028280542986425
2015-06-01,0.9723076923076923,0.9704000000000003,0.971428518053378
2015-05-25,0.9916094584286804,0.9920634920634919,0.9902068547446603
2015-05-18,1.0210280373831777,1.0210696920583466,1.0233853019702281
2015-05-11,0.9999999999999998,1.0008110300081103,0.9983323513062812
2015-05-04,0.9749430523917995,0.9739336492890994,0.9692888453280629
2015-04-27,0.9571220930232557,0.9569160997732425,0.9503327214371364
2015-04-20,0.9913544668587895,0.9902694610778442,0.9913705588136773
2015-04-13,1.002890173410405,1.003756574004508,1.002544580152672
2015-04-06,0.9978370583994233,0.9977511244377812,0.9984756097560976
2015-03-30,1.0,0.9918215613382901,0.9934377078969061
2015-03-23,0.9928418038654259,0.992619926199262,0.9895104395604396
2015-03-16,1.0249449743213501,1.0257380772142317,1.035695809622349
2015-03-09,1.021739130434783,1.0232378001549187,1.0243772642089417
2015-03-02,0.9830508474576272,0.982496194824962,0.9782270617819048
2015-02-23,0.9948680351906157,0.9954545454545456,0.9933059217301751
2015-02-16,1.0118694362017804,1.010719754977029,1.0172865374541646
2015-02-09,0.9676956209619525,0.9674074074074073,0.9602616177193974
2015-02-02,0.9567307692307692,0.9547383309759546,0.9498327281414236
2015-01-26,1.0224719101123596,1.0231548480463097,1.0290068829891839
2015-01-19,0.9951083158630326,0.9949604031677465,0.9999999999999999
2015-01-12,1.0199572344975054,1.0213235294117649,1.0195488210752472
2015-01-05,1.015930485155684,1.0172026925953626,1.0230769743589747
2014-12-29,1.0275297619047616,1.0284615384615385,1.0366826707433636
2014-12-22,0.9955555555555554,0.9954058192955587,0.9905212743549234
2014-12-15,0.9999999999999999,0.9849170437405731,1.0
2014-12-08,1.0250569476082005,1.0263157894736843,1.0343136691550288
2014-12-01,1.0038109756097562,1.0062305295950156,1.0115703030303032
2014-11-24,1.010785824345146,1.0126182965299684,1.0168067226890753
2014-11-17,1.0069821567106279,1.0063492063492063,1.0084745192952251
2014-11-10,1.0031128404669263,1.0047846889952152,1.0056818749999998
2014-11-03,0.9968968192397207,0.9960285941223194,0.9966024915062288
2014-10-27,0.9945987654320987,0.9944707740916273,0.9949295774647886
2014-10-20,0.9878048780487807,0.9875195007800311,0.9850166481687014
2014-10-13,1.0045941807044407,1.0047021943573669,1.006703910614525
2014-10-06,1.0227094753328114,1.0240770465489566,1.029919506899857
2014-09-29,1.0078926598263616,1.0080906148867315,1.0046242777239467
2014-09-22,1.0160384923817158,1.0172839506172842,1.0242747202057265
2014-09-15,1.007269789983845,1.008298755186722,1.011377125067238
2014-09-08,0.9825396825396826,0.9820700896495518,0.9760374064268026
2014-09-01,0.9921259842519685,0.9919159256265159,0.9901620376063636
2014-08-25,0.9937402190923318,0.9935742971887549,0.9925330844342333
2014-08-18,1.0078864353312305,1.0080971659919031,1.0133876600698486
2014-08-11,1.0063492063492065,1.0073409461663945,1.009994121105232
2014-08-04,1.0096153846153846,1.0098846787479403,1.0125000602678609
2014-07-28,0.9928400954653938,0.9918300653594773,0.9929077423167846
2014-07-21,1.0015936254980078,1.0024570024570025,1.0011834319526627
2014-07-14,1.0145513338722716,1.0158069883527454,1.0230024213075062
2014-07-07,1.0122749590834699,1.0117845117845117,1.0153657037492319
2014-06-30,0.9862792574656983,0.9858921161825727,0.9801204819277108
2014-06-23,1.0155737704918033,1.0168776371308017,1.016533986527863
2014-06-16,0.9926769731489016,0.9916317991631798,0.9896969696969696
2014-06-09,1.0065520065520064,1.0067396798652062,1.012891282204341
2014-06-02,0.987864077669903,0.9875207986688853,0.9854809446170024
2014-05-26,0.9983844911147011,0.9983388704318937,0.9975860591430297
2014-05-19,1.0040551500405515,1.0041701417848208,1.004851425106125
2014-05-12,1.0148148148148148,1.015241320914479,1.0223187242603056
2014-05-05,0.9910277324632955,0.9907718120805369,0.9859411989033495
2014-04-28,1.0107172300082439,1.0118845500848894,1.0111249072929542
2014-04-21,1.005804311774461,1.00597779675491,1.013149655604258
2014-04-14,0.9958711808422794,0.9949022939677146,0.9931592039800996
2014-04-07,1.0100083402835693,1.0103004291845492,1.0157927984838913
2014-03-31,1.001670843776107,1.002581755593804,1.0006321112515806
2014-03-24,1.0,1.0,0.993718592964824
2014-03-17,1.009274873524452,1.0095569070373585,1.0127226463104324
2014-03-10,1.0136752136752138,1.0140969162995597,1.0214424951267054
2014-03-03,0.9741881765195674,0.9734133790737562,0.9667085427135681
2014-02-24,1.0247440273037542,1.024604569420035,1.0324254215304798
2014-02-17,0.9957519116397621,0.9956255468066493,0.9948387096774192
2014-02-10,0.9966130397967822,0.9973821989528794,0.9987113402061852
2014-02-03,0.9817123857024108,0.981164383561644,0.9761006289308177
2014-01-27,1.0238297872340423,1.0236634531113054,1.0277957336780865
2014-01-20,1.0094501718213058,1.0106288751107175,1.012434554973822
2014-01-13,1.003448275862069,1.0035555555555555,1.0065876152832673
2014-01-06,1.02112676056338,1.0208711433756805,1.027063599458728
2013-12-30,1.0008810572687226,1.0,1.0027137042062417
2013-12-23,0.9912663755458516,0.991899189918992,0.9826666666666667
2013-12-16,1.0052677787532922,0.9973070017953323,1.0114632501685772
2013-12-09,0.9982471516213849,0.9973142345568486,1.0006747638326585
2013-12-02,0.982773471145564,0.9973214285714285,0.9946308724832215
2013-11-25,0.9940068493150686,0.9937888198757762,0.9953239812959253
2013-11-18,0.9889923793395426,0.989464442493415,0.9874670184696568
2013-11-11,1.015477214101462,1.0151515151515154,1.01744966442953
2013-11-04,0.9764903442485307,0.9756521739130434,0.9681611435997403
2013-10-28,0.9875621890547263,0.9879725085910651,0.9846449136276391
2013-10-21,1.0100502512562817,1.0104166666666667,1.0162548764629389
2013-10-14,1.0153061224489794,1.0158730158730158,1.0111768573307036
2013-10-07,0.9890664423885618,0.9878048780487801,0.9934683213585892
2013-09-30,0.9991596638655461,0.999129677980853,0.9986953685583823
2013-09-23,1.0059171597633136,1.007011393514461,1.004587155963303
2013-09-16,1.0242424242424242,1.0242369838420107,1.0262273032952256
2013-09-09,0.9991349480968857,0.9982078853046593,0.993983957219251
2013-09-02,0.988879384088965,0.9893617021276595,0.9881109643328929
2013-08-26,0.9965899403239556,0.9964664310954061,1.0033134526176275
2013-08-19,1.0191138140747178,1.0198198198198196,1.0251358695652173
2013-08-12,0.9647946353730092,0.9643788010425716,0.9546044098573284
2013-08-05,1.0067510548523209,1.006118881118881,1.0091623036649213
2013-07-29,0.9883236030025019,0.98876404494382,0.9851708575112829
2013-07-22,0.9835931091058245,0.9830076465590485,0.9810246679316885
2013-07-15,1.0091059602649006,1.0085689802913456,1.0108695652173914
2013-07-08,1.007506255212677,1.0086430423509074,1.0070830650354152
2013-07-01,0.9747967479674797,0.9739057239057239,0.970625
2013-06-24,1.0156895127993395,1.0153846153846153,1.0088272383354353
2013-06-17,0.9603489294210945,0.960591133004926,0.9588874873707689
2013-06-10,1.003980891719745,1.0041220115416323,1.0054711242874697
2013-06-03,0.9827856025039124,0.9821862348178138,0.9809183661299942
2013-05-27,1.0078864353312302,1.0098119378577266,1.0011940298507462
2013-05-20,0.9753846153846154,0.9737261146496816,0.9772462647168182
2013-05-13,0.9916094584286804,0.9921011058451819,0.9901790866654584
2013-05-06,0.9798206278026906,0.9791183294663572,0.9752112112676055
2013-04-29,0.9831006612784718,0.9840182648401825,0.9768849752339016
2013-04-22,1.0007352941176466,1.0007616146230007,1.0022063431994677
2013-04-15,0.9992652461425423,0.9984790874524713,1.001104251733614
2013-04-08,1.0066568047337277,1.0076628352490424,1.0055525263742362
2013-04-01,1.025018953752843,1.0259433962264148,1.0374423365528609
2013-03-25,1.010727969348659,1.0079239302694138,1.0052114070642735
2013-03-18,1.004618937644342,1.0039777247414479,1.0093511975832146
2013-03-11,1.0132605304212168,1.0145278450363195,1.0142264366196538
2013-03-04,0.9726858877086496,0.9725274725274725,0.966762179555176
2013-02-25,0.9947169811320756,0.9937597503900156,0.9999999999999999
2013-02-18,1.0247486465583913,1.0256000000000003,1.023460529235222
2013-02-11,0.9915644171779142,0.9912767644726408,0.9878330822711469
2013-02-04,0.9992337164750958,1.0,1.0046565774155995
2013-01-28,0.9969442322383499,0.9968379446640313,0.9942129054274942
2013-01-21,0.9797904191616766,0.9798605731990706,0.9740699549041714
2013-01-14,1.0045112781954886,1.0038880248833593,1.0050991501416429
2013-01-07,1.0075757575757576,1.0078369905956113,1.01146126008818
2012-12-31,0.9763313609467453,0.9762815608263197,0.9662238076535885
2012-12-24,0.9985228951255539,0.9841867469879518,0.977272673160173
2012-12-17,1.000739098300074,1.0015082956259427,0.9989189189189187
2012-12-10,0.9761904761904763,0.9757174392935984,0.9747102212855637
2012-12-03,0.9822820694542876,1.0014738393515108,1.0010549051189297
2012-11-26,1.0021306818181819,1.0014760147601478,1.0
2012-11-19,0.9929478138222849,0.9926739926739925,0.9926701047120419
2012-11-12,0.9971870604781997,0.9978070175438596,0.9963484611371933
2012-11-05,1.0215517241379313,1.0216579536967885,1.027331189710611
2012-10-29,0.9985652797704447,0.9985085756897838,0.9962626801922052
2012-10-22,1.0167760758570383,1.0174506828528072,1.0201524498827643
2012-10-15,0.9799857040743386,0.9791976225854383,0.9792000533333334
2012-10-08,1.012301013024602,1.0127915726109857,1.024590219922963
2012-10-01,0.982231698649609,0.9815361890694239,0.9734042539044817
2012-09-24,1.0158844765342963,1.015753938484621,1.0129310351794742
2012-09-17,1.0198821796759938,1.0206738131699846,1.025981149806523
2012-09-10,0.9672364672364673,0.9666913397483345,0.9612114771519661
2012-09-03,0.978397212543554,0.9782766111513395,0.9701030927835051
2012-08-27,1.0141342756183744,1.014695077149155,1.0157068062827224
2012-08-20,1.02610587382161,1.026395173453997,1.0346696118455911
2012-08-13,0.9731827805222301,0.9735682819383259,0.9629629107981216
2012-08-06,0.9867688022284122,0.9862418537291817,0.9850976867984423
2012-07-30,0.9883000688231247,0.9885468861846816,0.9863152052711606
2012-07-23,0.9897820163487737,0.9893767705382437,0.9874874874874876
2012-07-16,1.0068587105624143,1.006414825374198,1.0065491183879092
2012-07-09,1.0103950103950108,1.0100791936645068,1.0158648405391586
2012-07-02,1.0126315789473685,1.0131291028446388,1.013485476478969
2012-06-25,0.9978991596638656,0.998543335761107,0.9938144845360826
2012-06-18,0.9972067039106147,0.9963715529753265,1.0010320433969062
2012-06-11,1.0084507042253523,1.008046817849305,1.008324662243739
2012-06-04,0.9759450171821303,0.975731620271235,0.9687499495967741
2012-05-28,1.0452586206896552,1.0463032113517552,1.057569296375266
2012-05-21,0.9935760171306212,0.9933234421364985,0.9925925925925929
2012-05-14,1.0189090909090908,1.0196671709531016,1.032222885429977
2012-05-07,1.0215453194650816,1.020849420849421,1.027497138047138
2012-04-30,1.0074850299401197,1.0085669781931461,1.0096317280453257
2012-04-23,0.9962714392244594,0.996121024049651,0.9960497176100294
2012-04-16,1.0082706766917293,1.007818608287725,1.0068181249999997
2012-04-09,1.0083396512509477,1.0094711917916337,1.015579919215234
2012-04-02,1.021688613477924,1.0234248788368339,1.0327770540657295
2012-03-26,1.0023291925465838,0.9888178913738018,0.9928994674556215
2012-03-19,1.0173775671406005,1.0203748981255092,1.0317460947341943
2012-03-12,0.9569160997732425,0.9533799533799535,0.9402984500574052
2012-03-05,0.9969856819894499,0.9969016266460106,0.9954285714285716
2012-02-27,0.9851521900519673,0.9847444698703278,0.9803921568627452
2012-02-20,1.0227790432801824,1.0234192037470726,1.031791967155605
2012-02-13,0.986516853932584,0.9869029275808938,0.9891365923384793
2012-02-06,0.9947839046199703,0.995398773006135,0.9909348441926346
2012-01-30,0.98894620486367,0.988627748294162,0.9805555555555556
2012-01-23,1.0256991685563117,1.0256609642301708,1.0350776903437429
2012-01-16,0.962882096069869,0.9625748502994012,0.9497542299155779
2012-01-09,1.0200445434298444,1.0206264323911383,1.0286516870029034
2012-01-02,0.9940959409594096,0.9939255884586179,0.9938581239530988
2011-12-26,1.0074349442379182,0.9705232129697864,0.9613527086072309
2011-12-19,0.9641577060931898,0.9644633972992182,0.9544056864754098
2011-12-12,1.041044776119403,1.0414507772020727,1.052858627138154
2011-12-05,0.9675090252707582,0.9977843426883308,0.9999999999999999
2011-11-28,0.9857651245551602,0.9854439592430859,0.9732284500382389
2011-11-21,1.0042887776983558,1.0036523009495983,1.0068709830866807
2011-11-14,1.01671511627907,1.0186011904761902,1.0316248636859322
2011-11-07,0.9999999999999999,0.9992565055762079,0.9978237757249064
2011-10-31,1.0147492625368733,1.0150943396226413,1.0325842714934985
2011-10-24,1.0187828700225394,1.0184473481936969,1.015981678082192
2011-10-17,0.9815634218289087,0.9811463046757164,0.9727928928373125
2011-10-10,0.9955947136563879,0.9962434259954923,0.9766810750172955
2011-10-03,0.9471488178025034,0.9459843638948116,0.9510057736465072
2011-09-26,1.0352771778257739,1.034558823529412,1.0435952099031216
2011-09-19,1.0281273131014064,1.0287443267776097,1.0385690910323695
2011-09-12,1.0029695619896064,1.0030349013657054,1.0095936799996432
2011-09-05,1.001486988847584,1.0022813688212926,1.0045351476493845
2011-08-29,1.0524256651017214,1.054530874097835,1.080220391916718
2011-08-22,0.9689158453373767,0.9681677018633542,0.9532983627144404
2011-08-15,1.0476568705321683,1.0480065093572013,1.0773584276729558
2011-08-08,0.9968329374505145,0.9967558799675587,0.9875776397515531
2011-08-01,1.0577889447236182,1.060189165950129,1.087103308575287
2011-07-25,1.0355594102341716,1.0356188780053428,1.0533428165007115
2011-07-18,0.996542783059637,0.9964507542147295,0.9950460014154282
2011-07-11,0.9880444064901793,0.9885964912280701,0.9832985386221296
2011-07-04,1.026292725679229,1.0261026102610262,1.0367965367965368
2011-06-27,0.9844693701466781,0.9831858407079647,0.9726315789473685
2011-06-20,0.9905982905982907,0.9903593339176162,0.9820813232253618
2011-06-13,1.0017123287671232,1.0017559262510973,1.0013802622498273
2011-06-06,1.0068965517241377,1.0079646017699115,1.013286713286713
2011-05-30,0.994854202401372,0.994718309859155,0.9903047091412742
2011-05-23,1.0077787381158168,1.0079858030168591,1.0112044817927168
2011-05-16,1.0008650519031141,1.0008880994671403,1.0021052631578948
2011-05-09,1.004344048653345,1.0053571428571428,1.008492569002123
2011-05-02,1.0123131046613898,1.0144927536231887,1.0187454938716658
2011-04-25,1.0088731144631768,1.0091407678244968,1.013888888888889
2011-04-18,1.00088809946714,1.0,1.0
2011-04-11,1.0264357338195078,1.0272300469483564,1.0363636363636364
2011-04-04,0.9777183600713012,0.9788602941176471,0.9720176730486008
2011-03-28,1.002680965147453,1.0018416206261511,0.9897959183673468
2011-03-21,0.9920212765957446,0.9917808219178081,0.9920462762111353
2011-03-14,1.0116591928251122,1.0110803324099722,1.0176600441501105
2011-03-07,1.0108794197642796,1.0121495327102803,1.016454749439043
2011-02-28,0.983942908117752,0.984360625574977,0.9773391812865495
2011-02-21,1.0135623869801085,1.0130475302889097,1.0254872563718138
2011-02-14,1.012820512820513,1.0132200188857414,1.0121396054628224
2011-02-07,1.0027548209366388,1.0028409090909087,1.0084162203519509
2011-01-31,0.9740608228980322,0.9805013927576604,0.975373134328358
2011-01-24,1.0044923629829288,0.9981464318813716,0.9977661950856291
2011-01-17,0.9991023339317774,1.0000000000000002,1.0022388059701492
2011-01-10,0.9875886524822698,0.9871912168344005,0.986019131714496
2011-01-03,0.99558693733451,0.9954462659380691,0.9805194805194803
2010-12-27,0.9982378854625551,0.9716814159292037,0.9264705882352943
2010-12-20,1.004424778761062,1.0044444444444445,1.008086253369272
2010-12-13,0.9955947136563877,0.996457041629761,0.9893333333333334
2010-12-06,0.9545836837678721,0.9690987124463519,0.9740259740259741
2010-11-29,0.9867219917012447,0.9872881355932203,0.981516889738687
2010-11-22,1.0041666666666669,1.0051107325383306,1.0122580645161288
2010-11-15,1.0238907849829353,1.0244328097731237,1.0354041416165662
2010-11-08,0.957516339869281,0.9581939799331105,0.9553286534779835
2010-11-01,0.9943135662063359,0.9925311203319502,0.9775420475644385
2010-10-25,0.9863782051282052,0.986088379705401,0.9780355081168707
2010-10-18,1.002409638554217,1.0024610336341262,1.0061386122689615
2010-10-11,0.9772370486656199,0.9752,0.9633353636901242
2010-10-04,1.0007855459544386,0.9984025559105429,0.9912075610320965
2010-09-27,1.0007861635220128,1.0007993605115906,0.9889854492753622
2010-09-20,1.024979854955681,1.0245700245700244,1.0335529638374497
2010-09-13,0.9967871485943778,0.9959216965742252,0.9958234486873507
2010-09-06,0.9772370486656199,0.9768924302788844,0.9659942363112393
2010-08-30,0.9891304347826088,0.9889676910953508,0.9874786568013662
2010-08-23,1.0101960784313724,1.0111553784860554,1.0120967158930463
2010-08-16,1.005520504731861,1.0048038430744597,1.0128355900137453
2010-08-09,1.041050903119869,1.041701417848207,1.0606435024752474
2010-08-02,1.0107883817427386,1.0101095197978098,1.012531328320802
2010-07-26,1.0,0.9983179142136249,0.992537313432836
2010-07-19,0.9958677685950414,0.994979079497908,0.9938195302843015
2010-07-12,1.0083333333333333,1.0092905405405406,1.011882426516573
2010-07-05,0.9819967266775776,0.9809444904722452,0.9726276780640097
2010-06-28,1.0141078838174273,1.0151387720773761,1.0166976499690785
2010-06-21,1.021186440677966,1.0214776632302407,1.0292807129217059
2010-06-14,1.0034013605442178,1.0025839793281652,1.007051282051282
2010-06-07,0.9865771812080536,0.9864061172472389,0.9873417721518987
2010-05-31,1.014468085106383,1.014655172413793,1.016731016731017
2010-05-24,0.9915611814345995,0.9914529914529914,0.9829222011385199
2010-05-17,1.0286458333333335,1.0299295774647887,1.0435643564356436
2010-05-10,1.006113537117904,1.0070921985815602,1.0133779264214047
2010-05-03,1.0150709219858158,1.0153015301530155,1.0267857142857142
2010-04-26,1.0162162162162163,1.0164684354986275,1.026798307475317
2010-04-19,1.0036166365280288,1.0036730945821855,1.00638750887154
2010-04-12,1.0018115942028984,1.0018399264029438,0.9992907801418441
2010-04-05,1.0175115207373273,1.0177902621722845,1.028446389496718
2010-03-29,0.9908675799086758,0.9907235621521339,0.9737215909090908
2010-03-22,0.9759358288770051,0.9729241877256318,0.9650445510623714
2010-03-15,1.008086253369272,1.008189262966333,1.0146036161335188
2010-03-08,1.0045126353790614,1.0045703839122488,1.0091228070175438
2010-03-01,0.9875222816399287,0.9855855855855856,0.9780370624571036
2010-02-22,1.0209281164695179,1.023041474654378,1.035536602700782
2010-02-15,0.9883093525179858,0.9872611464968152,0.9846046186144156
2010-02-08,0.9849424269264837,0.9847670250896057,0.9774281805745554
2010-02-01,1.0080357142857141,1.0090415913200725,1.0089717046238784
2010-01-25,0.9982174688057041,0.9972948602344456,1.0
2010-01-18,1.0062780269058293,1.0072661217075385,1.0104602510460252
2010-01-11,1.0173357664233573,1.0185013876040703,1.0272206303724927
2010-01-04,0.9936536718041706,0.9935661764705882,0.9872701555869873
2009-12-28,1.0036396724294814,0.9990817263544538,1.0092790863668808
2009-12-21,0.9847670250896058,0.983739837398374,0.9756267409470752
2009-12-14,0.9902395740905058,0.9892761394101878,0.9491077329808327
2009-12-07,0.9885964912280703,0.9876434245366281,0.9875979112271541
2009-11-30,0.9090909090909092,0.9725321888412017,0.9623115577889446
2009-11-23,1.0162074554294975,1.0165794066317628,1.017902813299233
2009-11-16,1.0000000000000002,0.9991281604184831,0.9949109414758269
2009-11-09,1.0148026315789473,1.0159433126660762,1.0287958115183244
2009-11-02,0.9878147847278634,0.9877515310586173,0.9757343550446997
2009-10-26,1.0156765676567656,1.0150976909413851,1.01953125
2009-10-19,0.9789983844911146,0.9782797567332755,0.9752380952380952
2009-10-12,1.00487012987013,1.0008695652173911,1.0019083969465647
2009-10-05,0.9754552652414884,0.9787234042553191,0.9602931606418348
2009-09-28,1.0039745627980923,1.0034158838599487,0.9951367784111382
2009-09-21,1.021103896103896,1.022707423580786,1.0385101641414143
2009-09-14,0.9991889699918897,0.9991273996509598,0.9949748743718592
2009-09-07,1.0106557377049181,1.0096916299559473,1.0185540626999359
2009-08-31,0.9878542510121456,0.9878154917319409,0.9756554307116108
2009-08-24,1.0073409461663947,1.007894736842105,1.0184361093452001
2009-08-17,1.0032733224222588,1.0035211267605635,1.0122265122265122
2009-08-10,1.0268907563025207,1.0280542986425338,1.035309793471019
2009-08-03,0.9875518672199172,0.9874888293118858,0.9836173001310614
2009-07-27,1.0220525869380834,1.0209854014598536,1.040218132242672
2009-07-20,0.9882648784576697,0.9891696750902529,0.972811671087533
2009-07-13,0.9722901385493073,0.9702276707530648,0.9574603174603173
2009-07-06,1.0090460526315788,1.0106194690265486,1.0214007782101164
2009-06-29,0.9975389663658737,0.9982332155477032,0.9834183673469388
2009-06-22,1.0183792815371762,1.0207394048692517,1.0248366013071892
2009-06-15,1.0135478408128704,1.011861313868613,1.0240963855421688
2009-06-08,1.0128644939965696,1.013876040703053,1.017018379850238
2009-06-01,0.9864636209813874,0.985414767547858,0.9939106901217861
2009-05-25,0.9891213389121339,0.9873987398739874,0.9768671513549239
2009-05-18,0.9699675324675323,0.966086956521739,0.9533711405166984
2009-05-11,0.9983792544570502,1.0,1.001261829652997
2009-05-04,0.9959644874899111,0.9948096885813147,0.98508390304537
2009-04-27,0.9763593380614659,0.9763513513513513,0.961745367603108
2009-04-20,0.9890880748246299,0.9866666666666666,0.9726743620538164
2009-04-13,0.9961180124223601,0.997506234413965,0.999419058653054
2009-04-06,1.0070367474589526,1.006694560669456,1.014740566906873
2009-03-30,0.9808282208588955,0.9811165845648604,0.964184138715179
2009-03-23,1.0077279752704793,0.9767441860465116,1.017939755906264
2009-03-16,1.0269841269841269,1.0263374485596708,1.026128325415677
2009-03-09,0.9921259842519686,0.9902200488997556,0.9807804309842749
2009-03-02,1.0023677979479084,1.0032706459525755,1.0129792912696582
2009-02-23,0.9890710382513661,0.9894822006472493,0.9803354551570009
2009-02-16,0.9891891891891892,0.9895916733386708,0.9896967366741121
2009-02-09,1.0269627279936557,1.0262941659819225,1.0361801876524208
2009-02-02,0.9813229571984434,0.9806607574536662,0.9905993537015275
2009-01-26,0.9984459984459984,0.9959871589085073,0.9703534224427924
2009-01-19,0.9583023082650781,0.9577248270561107,0.9324828246933985
2009-01-12,0.9985130111524163,0.996934865900383,1.005344735721258
2009-01-05,1.0128012048192772,1.0116279069767442,1.0140920317565294
2008-12-29,0.9547088425593098,0.9457478005865102,0.9285354842206599
2008-12-22,0.9985642498205312,0.9992673992673995,0.9969895132965381
2008-12-15,1.0457957957957957,1.045176110260337,1.0732364028002155
2008-12-08,1.0206896551724138,1.0219092331768391,1.0259668508287292
2008-12-01,0.9804658151765591,1.0062992125984254,1.0134377932005716
2008-11-24,1.0605577689243026,1.0583333333333333,1.09168703596045
2008-11-17,1.036333608587944,1.0353753235547887,1.0777339262187093
2008-11-10,1.0083263946711074,1.010462074978204,1.0079681274900398
2008-11-03,1.0273738237810095,1.0286995515695065,1.0272851296043655
2008-10-27,0.9685169842584922,0.9704090513489992,0.9581699346405228
2008-10-20,1.015138772077376,1.0150176678445229,1.0282258064516132
2008-10-13,0.9974832214765101,1.0026572187776794,0.9757377049180329
2008-10-06,0.9490445859872614,0.9431913116123642,0.960932577189666
2008-09-29,1.01535974130962,1.0126903553299493,1.02321083172147
2008-09-22,1.0223140495867766,1.0216076058772685,1.0472653612424039
2008-09-15,0.9641434262948209,0.9633638634471275,0.9542525773195876
2008-09-08,1.0178426601784267,1.016934801016088,1.0203813280736354
2008-09-01,1.0106557377049181,1.0128644939965692,1.016711229946524
2008-08-25,1.0041152263374487,1.002579535683577,1.0067294751009421
2008-08-18,1.0049627791563274,1.0051858254105448,1.0081411126187245
2008-08-11,1.0193929173693088,1.0184859154929575,1.0307692307692307
2008-08-04,0.997476871320437,0.997366110623354,0.997906489881368
2008-07-28,1.0050718512256973,1.0044091710758378,1.0056140350877192
2008-07-21,1.0025423728813558,1.0035398230088495,1.0049365303244007
2008-07-14,0.9792531120331952,0.9809027777777781,0.9705681040383298
2008-07-07,1.0050041701417851,1.0034843205574913,1.006198347107438
2008-06-30,1.0033472803347279,1.0043744531933507,1.0055401662049859
2008-06-23,1.02224123182207,1.0196253345227475,1.0204946996466429
2008-06-16,1.010371650821089,1.009000900090009,1.0143369175627241
2008-06-09,0.9805084745762712,0.9831858407079644,0.9728033472803349
2008-06-02,0.9991532599491956,0.9982332155477033,1.0098591549295775
2008-05-26,0.9949452401010953,0.994727592267135,0.99370188943317
2008-05-19,0.9891666666666667,0.9912891986062717,0.9889273356401385
2008-05-12,0.9966777408637875,0.9948006932409015,0.9910836762688612
2008-05-05,1.007531380753138,1.0078602620087336,1.0110957004160888
2008-04-28,0.998329156223893,0.9991273996509598,0.9986149584487535
2008-04-21,0.9900744416873448,0.9896373056994818,0.9856655290102389
2008-04-14,0.9813311688311689,0.9813559322033897,0.9773182121414276
2008-04-07,1.0048939641109298,1.0051107325383306,1.0067159167226325
2008-03-31,0.9903069466882067,0.9932318104906939,0.9906852960745176
2008-03-24,1.0065040650406503,1.00339558573854,0.9888157894736843
2008-03-17,0.9879518072289156,0.990748528174937,1.0
2008-03-10,1.0146699266503667,1.0110544217687074,1.0312075983717777
2008-03-03,1.0032706459525755,1.0008510638297872,0.9959459459459461
2008-02-25,1.0311973018549752,1.0307017543859651,1.0415200562983815
2008-02-18,0.9991575400168493,0.9982486865148862,0.99929676511955
2008-02-11,0.9713584288052373,0.9727427597955708,0.9608108108108108
2008-02-04,1.0016393442622953,0.9991489361702128,0.9952925353059852
2008-01-28,0.9926769731489014,0.9932375316990701,0.9867285998672858
2008-01-21,0.9895330112721418,0.9924496644295302,0.9907955292570676
2008-01-14,1.0213815789473688,1.0196749358426007,1.0221774193548387
2008-01-07,1.0008230452674898,1.0000000000000002,0.9939879759519038
2007-12-31,1.0167364016736402,1.0165217391304346,1.019060585432267
2007-12-24,1.0196245733788394,1.013215859030837,1.0173130193905817
2007-12-17,0.9957519116397622,1.0008818342151677,1.0034746351633077
2007-12-10,1.0008503401360545,0.9973614775725596,1.0
2007-12-03,0.9702970297029704,0.9709649871904353,0.9567819148936173
2007-11-26,0.9926289926289928,0.9923728813559323,0.9862295081967213
2007-11-19,1.0243288590604027,1.0216450216450215,1.0324983073798237
2007-11-12,1.0144680851063828,1.0140474100087797,1.0228531855955678
2007-11-05,1.0077186963979416,1.0044091710758378,1.0020818875780708
2007-10-29,1.0034423407917383,1.0044286979627988,1.0076923076923079
2007-10-22,1.004321521175454,1.002664298401421,1.0042134831460674
2007-10-15,1.0266193433895296,1.027372262773723,1.0409356725146197
2007-10-08,0.9955830388692579,0.9963636363636366,0.994186046511628
2007-10-01,0.9895104895104897,0.9909909909909912,0.9885057471264368
2007-09-24,1.0097087378640777,1.008174386920981,1.0000000000000002
2007-09-17,0.9809523809523811,0.9821587867975023,0.9707112970711297
2007-09-10,0.9914163090128755,0.9894086496028245,0.9896480331262938
2007-09-03,1.0228270412642666,1.023486901535682,1.0320512820512822
2007-08-27,1.0026408450704227,1.0036264732547597,1.0071736011477763
2007-08-20,1.0124777183600713,1.0109990834097156,1.020497803806735
2007-08-13,1.0062780269058298,1.007386888273315,1.006632277081798
2007-08-06,0.9928762243989314,0.9917582417582417,0.9861918604651165
2007-07-30,1.0035746201966043,1.005524861878453,1.0065837600585221
2007-07-23,1.0117540687160937,1.0092936802973977,1.0148478099480325
2007-07-16,1.0063694267515924,1.0056074766355139,1.0089887640449442
2007-07-09,1.011039558417663,1.0122989593188265,1.0198624904507256
2007-07-02,0.9846014492753622,0.9850885368126747,0.9790575916230366
2007-06-25,1.0119156736938584,1.0103578154425614,1.0060195635816402
2007-06-18,1.0055299539170506,1.005681818181818,1.0091116173120729
2007-06-11,0.9990791896869243,0.9990539262062439,0.9992412746585737
2007-06-04,0.9774977497749775,0.976894639556377,0.9676945668135097
2007-05-28,0.9973070017953319,0.9981549815498155,1.0
2007-05-21,0.9911032028469752,0.9908592321755028,0.9891067538126361
2007-05-14,0.9903083700440529,0.9909420289855073,0.9878048780487805
2007-05-07,0.9921328671328671,0.9928057553956835,0.9907604832977968
2007-04-30,1.001751313485114,1.0018018018018018,1.0057183702644747
2007-04-23,1.0026338893766464,1.0027100271002707,1.0028673835125448
2007-04-16,1.0079646017699113,1.0072793448589625,1.0108695652173914
2007-04-09,1.0017730496453903,1.0027372262773724,1.0043668122270744
2007-04-02,0.9912126537785588,0.9909584086799277,0.9884892086330935
2007-03-26,0.9947552447552449,0.9901521933751121,0.9816384180790961
2007-03-19,0.9939183318853173,0.9946571682991986,0.9909027291812458
2007-03-12,0.9991319444444443,0.9973357015985792,0.996513249651325
2007-03-05,0.9939603106125969,0.9973427812223206,0.9972183588317107
2007-02-26,1.0113438045375216,1.0089365504915107,1.0126760563380284
2007-02-19,1.0052631578947369,1.004488330341113,1.0085227272727273
2007-02-12,1.0124333925399642,1.0127272727272731,1.0188133140376263
2007-02-05,1.0,0.9990917347865578,1.0007241129616218
2007-01-29,1.0089605734767026,1.0091659028414297,1.0132061628760085
2007-01-22,0.9858657243816255,0.9846570397111912,0.977761836441894
2007-01-15,0.999117387466902,1.0000000000000002,1.000717875089734
2007-01-08,0.9895196506550219,0.9892857142857143,0.9844522968197879
2007-01-01,1.0017497812773404,1.0017889087656529,1.00354609929078
2006-12-25,0.9956445993031359,0.9955476402493322,0.9860139860139859
2006-12-18,0.9982608695652175,0.9982222222222221,0.9986033519553073
2006-12-11,0.9812286689419795,0.992063492063492,0.9875862068965516
2006-12-04,0.9915397631133672,0.9912587412587412,0.9897610921501704
2006-11-27,1.009393680614859,1.0088183421516754,1.0124395300621978
2006-11-20,1.0068787618228723,1.0062111801242235,1.009065550906555
2006-11-13,1.0017226528854437,1.0008880994671403,1.0034989503149054
2006-11-06,1.0086880973066898,1.0098654708520178,1.0141944641589782
2006-10-30,0.9991319444444444,0.9982094897045659,1.0
2006-10-23,1.0167696381288616,1.0173041894353367,1.0269679300291545
2006-10-16,0.9956063268892794,0.9963702359346643,0.9956458635703922
2006-10-09,0.9912891986062718,0.9910071942446044,0.9878136200716845
2006-10-02,0.9905090595340811,0.9910873440285204,0.9872611464968151
2006-09-25,0.9939965694682679,0.9937998228520815,0.9812499999999998
2006-09-18,1.0264084507042253,1.025431425976385,1.0374639769452452
2006-09-11,1.0,1.0,1.0028901734104045
2006-09-04,0.9982425307557115,0.9990925589836661,0.9985569985569986
2006-08-28,1.0008795074758137,0.9999999999999999,1.0014450867052023
2006-08-21,1.0026455026455023,1.0036429872495443,1.0065454545454546
2006-08-14,1.0161290322580643,1.0176088971269694,1.0261194029850744
2006-08-07,0.9902395740905058,0.9890009165902842,0.983125458547322
2006-07-31,1.0071492403932083,1.007386888273315,1.013382899628253
2006-07-24,1.0053908355795147,1.0046382189239333,1.0074906367041196
2006-07-17,1.0008992805755397,1.0009285051067784,0.9999999999999998
2006-07-10,1.0063348416289593,1.0065420560747664,1.0113636363636362
2006-07-03,1.0036330608537691,1.0028116213683225,1.0068649885583523
2006-06-26,1.0100917431192662,1.009460737937559,1.0038284839203673
2006-06-19,0.9900090826521344,0.9906279287722587,0.9864048338368581
2006-06-12,0.9839142091152815,0.9861367837338262,0.9778434268833088
2006-06-05,1.0072007200720072,1.0065116279069768,1.0142322097378274
2006-05-29,1.0072529465095192,1.006554307116105,1.0159817351598173
2006-05-22,0.9945897204688908,0.994413407821229,0.990950226244344
2006-05-15,1.0137111517367459,1.0132075471698112,1.0247295208655331
2006-05-08,0.9936421435059037,0.9934395501405809,0.9885408708938119
2006-05-01,1.0036463081130356,1.0037629350893698,1.0084745762711866
2006-04-24,0.9838565022421525,0.9842592592592593,0.9744744744744744
2006-04-17,1.003600360036004,1.0027855153203344,1.0052830188679247
2006-04-10,0.9946284691136974,0.9962997224791857,0.9939984996249063
2006-04-03,0.988495575221239,0.9872146118721462,0.9801470588235295
2006-03-27,0.9817549956559514,0.9776785714285715,0.9638554216867471
2006-03-20,0.9956747404844292,0.9964412811387899,0.9964689265536723
2006-03-13,1.0096069868995634,1.0089766606822261,1.0114285714285713
2006-03-06,0.9956521739130435,0.9955317247542449,0.9922041105598867
2006-02-27,0.9820666097352689,0.9824407374890254,0.9737750172532781
2006-02-20,0.9982949701619779,0.9982471516213848,0.9993103448275863
2006-02-13,1.0034217279726263,1.0035180299032542,1.009046624913013
2006-02-06,0.9923599320882852,0.9930131004366812,0.9896694214876033
2006-01-30,1.006837606837607,1.0070360598065085,1.0153846153846153
2006-01-23,0.9815436241610737,0.9818652849740931,0.9727891156462586
2006-01-16,0.998324958123953,0.9982758620689656,0.9986413043478259
2006-01-09,1.0058972198820555,1.0060711188204683,1.0102951269732328
2006-01-02,0.9983179142136248,0.9982683982683983,0.9986291980808775
2005-12-26,0.9966471081307628,0.9880239520958085,0.9746158984635938
2005-12-19,1.013593882752761,1.0138768430182135,1.0246406570841893
2005-12-12,1.0120378331900255,1.0114035087719295,1.0181184668989545
2005-12-05,0.9965724078834618,1.0035211267605635,1.005606166783462
2005-11-28,0.9848101265822784,0.9852558542931483,0.9800824175824174
2005-11-21,1.0033869602032175,1.0043554006968642,1.0062197650310987
2005-11-14,1.0146048109965637,1.0132391879964693,1.0211714890613972
2005-11-07,1.0025839793281655,1.003542958370239,1.0063920454545454
2005-10-31,0.9906143344709896,0.9894829097283083,0.9859943977591037
2005-10-24,0.9898648648648651,0.9904513888888886,0.987551867219917
2005-10-17,1.0033898305084745,1.003484320557491,1.0069637883008358
2005-10-10,0.9866220735785953,0.9862542955326461,0.9782016348773841
2005-10-03,1.0033557046979866,1.004314063848145,1.00893470790378
2005-09-26,0.9916805324459232,0.9922945205479453,0.9904697072838666
2005-09-19,0.9975103734439833,0.9982905982905983,1.0
2005-09-12,0.9909539473684209,0.9898477157360404,0.9852448021462106
2005-09-05,0.9910350448247759,0.9907795473595978,0.9867637326273991
2005-08-29,1.0040916530278232,1.0025210084033611,1.001325381047051
2005-08-22,1.0065897858319603,1.0067681895093064,1.0120724346076457
2005-08-15,1.0049668874172186,1.0051020408163263,1.0074324324324324
2005-08-08,1.0125733445096399,1.013793103448276,1.0206896551724138
2005-08-01,0.9916874480465503,0.9906063193851408,0.9890859481582539
2005-07-25,0.9950372208436724,0.9949022939677147,0.9932249322493224
2005-07-18,0.9991735537190084,0.9991511035653651,1.0013568521031209
2005-07-11,0.9877551020408163,0.9874266554903603,0.9813581890812252
2005-07-04,1.0008169934640523,1.0016792611251049,1.0033400133600534
2005-06-27,0.9815557337610266,0.9810543657331136,0.9746093750000002
2005-06-20,1.0204582651391163,1.0218855218855223,1.0343434343434348
2005-06-13,0.9983660130718955,0.9983193277310923,0.9973136333109468
2005-06-06,0.9870967741935484,0.9867330016583749,0.980250164581962
2005-05-30,1.007311129163282,1.0083612040133778,1.0167336010709507
2005-05-23,1.0057189542483662,1.006734006734007,1.0087778528021605
2005-05-16,1.0074074074074078,1.0084889643463497,1.0192704748795598
2005-05-09,1.0125,1.0137693631669538,1.021800281293952
2005-05-02,0.9925558312655087,0.9923142613151152,0.9881862404447531
2005-04-25,1.0041528239202657,1.0051502145922748,1.007703081232493
2005-04-18,1.001663893510815,1.002581755593804,1.0091872791519434
2005-04-11,1.0169204737732653,1.0175131348511384,1.0231381055676068
2005-04-04,0.9991546914623839,0.9982517482517486,1.0007235890014472
2005-03-28,1.015450643776824,1.0132860938883967,1.0237037037037036
2005-03-21,0.9923339011925042,0.9929639401934917,0.9919177075679647
2005-03-14,0.9974511469838573,0.9956217162872153,0.9941563184806428
2005-03-07,0.980833333333333,0.9794168096054889,0.971611071682044
2005-02-28,1.0084033613445378,1.0077787381158168,1.0158615717375634
2005-02-21,0.994983277591973,0.9956970740103271,0.9971243709561466
2005-02-14,0.9795249795249795,0.9756507136859782,0.9632963988919668
2005-02-07,0.9991816693944353,0.9983235540653815,0.9965493443754313
2005-01-31,1.012427506213753,1.0144557823129252,1.0291193181818183
2005-01-24,1.0008291873963515,1.000851063829787,1.0035637918745546
2005-01-17,1.0058381984987492,1.0077186963979416,1.0129963898916965
2005-01-10,1.0126689189189189,1.0139130434782604,1.0244082840236688
2005-01-03,0.9974726200505475,0.998263888888889,1.0007401924500372
2004-12-27,1.0076400679117148,1.0026109660574412,1.0067064083457526
2004-12-20,0.9924178601516428,0.9905172413793104,0.9970282317979198
2004-12-13,0.99664147774979,0.9965635738831614,0.9546099290780143
2004-12-06,1.0042158516020236,1.0112945264986968,1.0173160173160174
2004-11-29,1.0067911714770796,1.0078809106830122,1.0102040816326527
2004-11-22,0.9857740585774057,0.983634797588286,0.978601997146933
2004-11-15,1.005892255892256,1.0069384215091068,1.0122743682310469
2004-11-08,1.003378378378378,1.002608695652174,1.007272727272727
2004-11-01,0.990794979079498,0.9896729776247849,0.9884974838245868
2004-10-25,0.9908789386401325,0.989778534923339,0.9851274787535412
2004-10-18,1.0083612040133778,1.0094582975064492,1.0158273381294962
2004-10-11,1.0067340067340065,1.006926406926407,1.0094408133623822
2004-10-04,1.0025316455696205,1.003475238922676,1.0051094890510948
2004-09-27,0.9842192691029901,0.9820819112627985,0.9757834757834758
2004-09-20,1.0083752093802345,1.0094745908699396,1.016654598117306
2004-09-13,1.007594936708861,1.009565217391304,1.0146950771491554
2004-09-06,1.0067969413763804,1.0070052539404553,1.0126488095238098
2004-08-30,0.9966130397967824,0.9973799126637554,0.9970326409495548
2004-08-23,1.007679180887372,1.0088105726872247,1.0142964635063958
2004-08-16,0.9982964224872233,0.9973637961335676,0.9977477477477477
2004-08-09,1.0000000000000002,0.999122036874451,1.0007513148009017
2004-08-02,1.0146931719965426,1.0169642857142858,1.0246343341031565
2004-07-26,0.9982743744607419,0.9999999999999998,1.000770416024653
2004-07-19,0.9948497854077253,0.9911504424778758,0.9878234398782347
2004-07-12,1.006914433880726,1.0071301247771836,1.0138888888888888
2004-07-05,1.0017316017316018,1.003577817531306,1.0038729666924866
2004-06-28,1.0203180212014133,1.0219378427787933,1.0328000000000002
2004-06-21,0.9964788732394365,0.9963570127504554,0.9952229299363055
2004-06-14,1.0151921358355673,1.0166666666666666,1.0269828291087488
2004-06-07,0.9920212765957446,0.9917355371900828,0.9902834008097164
2004-05-31,0.9947089947089949,0.9945205479452057,0.9919678714859438
2004-05-24,1.0026525198938994,1.0027472527472525,1.0048426150121066
2004-05-17,0.9991166077738516,0.9981718464351005,1.001616814874697
2004-05-10,1.0071174377224201,1.007366482504604,1.01062091503268
2004-05-03,0.978241949521323,0.9757412398921833,0.9683544303797468
2004-04-26,0.9948051948051946,0.99375,0.9937106918238994
2004-04-19,0.9965487489214842,0.9973285841495991,1.0
2004-04-12,0.9872231686541736,0.9850877192982455,0.9799691833590142
2004-04-05,0.9974511469838572,0.9973753280839895,0.997694081475788
2004-03-29,0.9759535655058044,0.9711129991503823,0.9615668883961568
2004-03-22,0.9844897959183675,0.9824707846410683,0.9754866618601299
2004-03-15,1.0040983606557374,1.00503355704698,1.0065312046444121
2004-03-08,0.9999999999999998,1.0008396305625524,1.002181818181818
2004-03-01,1.015820149875104,1.019691780821918,1.0268857356235999
2004-02-23,1.0058626465661642,1.0060292850990529,1.0105660377358494
2004-02-16,0.999163179916318,0.9991394148020655,1.0007552870090637
2004-02-09,1.0016764459346184,1.0025884383088868,1.0015128593040845
2004-02-02,1.0076013513513513,1.008703220191471,1.0153609831029184
2004-01-26,1.0,0.9999999999999999,1.0015384615384615
2004-01-19,0.993288590604027,0.9913718723037103,0.9893455098934549
2004-01-12,1.003367003367003,1.0043327556325823,1.0092165898617511
2004-01-05,1.0223752151462997,1.0266903914590748,1.0357995226730312
2003-12-29,0.9872557349192863,0.9790940766550523,0.9774494556765163
2003-12-22,0.9949281487743027,0.993939393939394,0.9915188897455669
2003-12-15,0.9883040935672515,1.0113835376532399,0.9679104477611941
2003-12-08,1.0008361204013378,1.0008764241893076,1.0014947683109114
2003-12-01,1.0075821398483575,1.008841732979664,1.0113378684807253
2003-11-24,0.9899916597164302,0.9877729257641924,0.985107967237528
2003-11-17,0.9958471760797342,0.9956521739130435,0.9955522609340252
2003-11-10,1.0246808510638297,1.0277033065236818,1.041698841698842
2003-11-03,0.990725126475548,0.9893899204244032,0.9855403348554034
2003-10-27,0.9949664429530198,0.9938488576449913,0.9947009841029522
2003-10-20,1.0093141405588484,1.0115555555555555,1.0161538461538462
2003-10-13,0.992436974789916,0.9911894273127754,0.9916094584286804
2003-10-06,0.9908409658617819,0.9878154917319407,0.9827586206896551
2003-09-29,0.9950289975144986,0.9948051948051947,0.9925595238095238
2003-09-22,1.0134340890008398,1.0158311345646438,1.0251716247139588
2003-09-15,1.0000000000000002,1.000880281690141,1.0038284839203675
2003-09-08,1.0101781170483457,1.0124777183600713,1.0139751552795033
2003-09-01,1.015503875968992,1.018148820326679,1.0206022187004755
2003-08-25,0.9940068493150684,0.993688007213706,0.9952681388012619
2003-08-18,1.0008568980291344,1.001806684733514,1.0095541401273884
2003-08-11,0.9906621392190154,0.9892761394101878,0.9897557131599686
2003-08-04,1.0025531914893615,1.0026881720430105,1.0015785319652721
2003-07-28,0.988225399495374,0.986737400530504,0.9821705426356591
2003-07-21,0.9883624272651704,0.9860505666957279,0.980243161094225
2003-07-14,0.9678197908286404,0.962248322147651,0.9508670520231214
2003-07-07,0.9967923015236568,0.9958228905597326,0.9956834532374103
2003-06-30,0.9857707509881424,0.9835661462612983,0.9761235955056179
2003-06-23,0.9844357976653697,0.9822437449556094,0.9746748802190283
2003-06-16,0.9854294478527608,0.980997624703088,0.9733510992671554
2003-06-09,1.0108527131782945,1.0136436597110754,1.0210884353741498
2003-06-02,1.0117647058823533,1.0130081300813008,1.016597510373444
2003-05-26,0.9968725566849101,0.9951456310679612,0.9910897875257026
2003-05-19,1.0039246467817895,1.0065146579804558,1.0131944444444443
2003-05-12,1.016759776536313,1.0199335548172757,1.0300429184549356
2003-05-05,1.01869918699187,1.0238095238095237,1.0279411764705884
2003-04-28,1.001628664495114,1.002557544757033,1.0044313146233383
2003-04-21,1.0082101806239738,1.0103359173126616,1.0142322097378278
2003-04-14,1.0041220115416323,1.0060658578856152,1.012898330804249
2003-04-07,1.0008250825082508,1.0017361111111112,1.0038080731150039
2003-03-31,0.9869706840390878,0.9829351535836176,0.9776619508562919
2003-03-24,1.0098684210526316,1.0077386070507308,1.0174242424242426
2003-03-17,0.987012987012987,0.9847586790855206,0.9799554565701558
2003-03-10,0.9816733067729082,0.9800829875518674,0.9767947788252358
2003-03-03,1.0064153969526863,1.0066833751044277,1.0065693430656935
2003-02-24,1.0138211382113822,1.0161290322580645,1.0223880597014923
2003-02-17,1.0065466448445173,1.0076988879384086,1.0105580693815988
2003-02-10,1.0032840722495895,1.0025728987993139,0.9999999999999998
2003-02-03,1.0000000000000002,1.0,0.9999999999999999
2003-01-27,1.000821692686935,1.0017182130584192,1.005307050796058
2003-01-20,1.002471169686985,1.0025839793281652,1.0045696877380046
2003-01-13,1.012510425354462,1.0148601398601402,1.0202020202020203
2003-01-06,0.9958471760797342,0.9947826086956522,0.9945904173106648
2002-12-30,0.9780666125101543,0.9631490787269682,0.9678384442782348
2002-12-23,1.0156765676567658,1.0179028132992327,1.0237366003062784
2002-12-16,1.0033112582781458,1.0129533678756477,1.017133956386293
2002-12-09,0.9942386831275721,0.9931389365351627,0.9448123620309051
2002-12-02,1.0125,1.0139130434782606,1.0172155688622753
2002-11-25,0.9958506224066388,0.9965337954939342,0.9955290611028317
2002-11-18,0.9877049180327868,0.9846416382252559,0.9817117776152157
2002-11-11,0.9886547811993518,0.9873631002527381,0.9848703170028815
2002-11-04,1.021523178807947,1.0277056277056276,1.04047976011994
2002-10-28,1.0033222591362125,1.0052219321148823,1.0090771558245082
2002-10-21,1.0083752093802345,1.0078947368421052,1.006854531607007
2002-10-14,0.9683698296836984,0.9628378378378378,0.9542151162790701
2002-10-07,0.9887730553327987,0.9866666666666667,0.9849677881173944
2002-09-30,0.996802557953637,0.9966777408637875,0.9950142450142451
2002-09-23,1.0024038461538458,1.0016638935108153,0.9999999999999999
2002-09-16,1.0113452188006484,1.010933557611438,1.0122566690699353
2002-09-09,1.0139687756778966,1.0153714773697693,1.0213549337260677
2002-09-02,0.9934693877551021,0.9932145886344362,0.9926900584795323
2002-08-26,1.0182876142975894,1.0207792207792208,1.0293453724604966
2002-08-19,1.008382229673093,1.009615384615385,1.0114155251141552
2002-08-12,0.9949958298582152,0.9956483899042646,0.9992395437262358
2002-08-05,1.007563025210084,1.0105540897097627,1.0178018575851393
2002-07-29,1.0249784668389321,1.0261732851985557,1.034427542033627
2002-07-22,0.9897698209718668,0.9875222816399287,0.982690794649882
2002-07-15,1.0094664371772806,1.010810810810811,1.011137629276054
2002-07-08,1.0148471615720525,1.0155535224153702,1.0194647201946472
2002-07-01,0.9991273996509598,1.0,1.0
2002-06-24,0.9982578397212544,0.9972627737226276,0.9943548387096773
2002-06-17,1.0008718395815168,1.0018281535648996,1.0024252223120451
2002-06-10,1.0141467727674627,1.0148423005565863,1.0206270627062706
2002-06-03,0.9991166077738517,1.0,1.0016528925619834
2002-05-27,1.0062222222222221,1.0074766355140188,1.0083333333333333
2002-05-20,1.0044642857142856,1.004694835680751,1.0067114093959733
2002-05-13,0.9991079393398752,0.9990619136960602,0.997489539748954
2002-05-06,0.9867957746478874,0.9852125693160811,0.9803117309269895
2002-04-29,1.0053097345132742,1.0055762081784387,1.0091059602649006
2002-04-22,1.008028545941124,1.0084348641049672,1.0117252931323282
2002-04-15,0.9955595026642985,0.9953358208955221,0.9941715237302247
2002-04-08,1.0080572963294534,1.0094161958568741,1.011794439764111
2002-04-01,1.0145322434150772,1.0162679425837324,1.0215146299483648
2002-03-25,1.000909090909091,0.9990439770554492,1.0008613264427217
2002-03-18,0.9927797833935019,0.9914691943127961,0.9897698209718669
2002-03-11,1.0018083182640147,1.0018993352326686,1.0017079419299744
2002-03-04,0.9744493392070485,0.9740980573543014,0.9693708609271524
2002-02-25,0.9852430555555555,0.9863138686131385,0.9821138211382113
2002-02-18,1.003484320557491,1.0036630036630036,1.0065466448445173
2002-02-11,1.002620087336245,1.002754820936639,1.0024610336341264
2002-02-04,0.9947871416159862,0.9945205479452055,0.9926710097719869
2002-01-28,1.0167844522968195,1.014828544949027,1.0216306156405988
2002-01-21,0.9869224062772448,0.9880952380952381,0.9860541427399508
2002-01-14,0.9991289198606271,1.0009165902841428,1.0016433853738702
2002-01-07,1.018633540372671,1.015828677839851,1.020973154362416
2001-12-31,0.9982285208148806,0.9981412639405205,0.9974895397489539
2001-12-24,1.0062388591800355,1.0065481758652948,1.0058922558922558
2001-12-17,1.0153846153846153,1.008490566037736,1.0214961306964745
2001-12-10,0.9910313901345291,0.9971777986829725,0.9289137380191693
2001-12-03,0.96286701208981,0.9619909502262445,0.9549961861174676
2001-11-26,1.0148992112182298,1.0137614678899083,1.017857142857143
2001-11-19,0.9768835616438357,0.977578475336323,0.9691497366440935
2001-11-12,0.957377049180328,0.9570815450643776,0.9547413793103448
2001-11-05,1.0008203445447086,1.001719690455718,1.0021598272138228
2001-10-29,1.020083682008368,1.0255731922398588,1.0357941834451903
2001-10-22,1.015293118096856,1.0143112701252235,1.0197718631178707
2001-10-15,1.002555366269165,1.0026905829596413,1.0053516819571866
2001-10-08,0.9915540540540541,0.9928762243989314,0.9916603487490525
2001-10-01,1.0068027210884352,1.0044722719141324,1.0107279693486588
2001-09-24,1.0252833478639924,1.0219378427787933,1.0324367088607593
2001-09-17,0.9870912220309811,0.9846984698469845,0.9723076923076923
2001-09-10,1.0,1.0081669691470054,1.005413766434648
2001-09-03,1.0095569070373587,1.0091575091575091,1.013322884012539
2001-08-27,0.9965367965367965,0.9963503649635037,0.9953198127925117
2001-08-20,1.000866551126517,1.0,1.0007806401249024
2001-08-13,1.0034782608695654,1.0036630036630034,1.00786782061369
2001-08-06,1.011433597185576,1.0111111111111113,1.0135566188197764
2001-07-30,0.9921465968586386,0.9926470588235294,0.9913043478260868
2001-07-23,1.0026246719160103,1.0027649769585254,1.0031720856463127
2001-07-16,1.0097173144876321,1.0093023255813955,1.012038523274478
2001-07-09,1.014336917562724,1.0122410546139362,1.0188062142273102
2001-07-02,0.9973190348525469,0.9990592662276573,0.9991830065359476
2001-06-25,0.9850352112676056,0.9851714550509735,0.9847144006436042
2001-06-18,1.0124777183600713,1.0121951219512195,1.018018018018018
2001-06-11,1.0008920606601248,1.0009389671361502,1.0008196721311475
2001-06-04,1.0017873100983021,1.0009398496240602,1.0016420361247949
2001-05-28,1.0191256830601092,1.0181818181818183,1.026116259477675
2001-05-21,0.9882988298829882,0.9886471144749293,0.9850622406639004
2001-05-14,1.006340579710145,1.0066666666666664,1.012605042016807
2001-05-07,0.9778565101860052,0.9785647716682201,0.9746109746109746
2001-04-30,1.0180342651036969,1.0141776937618148,1.0191986644407345
2001-04-23,0.9919499105545618,0.9934272300469486,0.9933665008291874
2001-04-16,1.0017921146953404,1.002824858757062,1.0016611295681062
2001-04-09,0.9729729729729729,0.9725274725274725,0.9701853344077355
2001-04-02,1.0043782837127844,1.002754820936639,1.0016142050040358
2001-03-26,0.9836347975882861,0.986413043478261,0.9833333333333336
2001-03-19,0.9948586118251926,0.9954914337240757,0.9936908517350157
2001-03-12,1.0025773195876286,1.0036199095022624,1.0031645569620251
2001-03-05,1.0077922077922075,1.006375227686703,1.009584664536741
2001-02-26,1.0087336244541487,1.0082644628099173,1.0113085621970923
2001-02-19,1.0035056967572304,1.0036866359447005,1.00487012987013
2001-02-12,0.9939024390243902,0.994500458295142,0.9935483870967743
2001-02-05,0.999129677980853,0.9981701738334858,0.9967845659163987
2001-01-29,1.0204262877442274,1.0205415499533141,1.0272502064409577
2001-01-22,0.9929453262786596,0.9935064935064937,0.9926229508196722
2001-01-15,0.9991189427312777,0.9990732159406857,1.0008203445447088
2001-01-08,0.9776055124892333,0.9791288566243193,0.9759807846277021
2001-01-01,0.9957118353344768,0.9972850678733031,0.992845786963434
2000-12-25,1.0086505190311417,1.0082116788321167,1.0096308186195826
2000-12-18,1.005217391304348,1.0064279155188245,0.9629057187017002
2000-12-11,1.0141093474426808,1.0120817843866172,1.0149019607843135
2000-12-04,1.0125000000000004,1.0122295390404512,1.0167464114832538
2000-11-27,1.0062893081761004,1.006628787878788,1.0080385852090028
2000-11-20,1.0063291139240507,1.005714285714286,1.0081037277147487
2000-11-13,1.0100456621004568,1.0086455331412103,1.0123051681706317
2000-11-06,1.0073597056117758,1.0077444336882868,1.0116182572614107
2000-10-30,0.985494106980961,0.9866284622731614,0.9820700896495519
2000-10-23,0.9919064748201438,0.9914772727272727,0.9927184466019418
2000-10-16,1.0173833485818842,1.017341040462428,1.0206440957886045
2000-10-09,1.004595588235294,1.0038684719535782,1.0041459369817578
2000-10-02,1.0055452865064696,1.0068159688412857,1.010896898575021
2000-09-25,0.9981549815498154,0.9980563654033042,0.996658312447786
2000-09-18,1.0046339202965713,1.0048828125,1.0084245998315082
2000-09-11,0.9826958105646629,0.9836695485110473,0.9753492193919476
2000-09-04,0.9927667269439421,0.9923736892278361,0.9902359641985355
2000-08-28,1.0063694267515926,1.0067178502879082,1.0106907894736843
2000-08-21,0.999090909090909,0.9999999999999999,1.0
2000-08-14,1.0009099181073706,0.9990412272291467,0.9999999999999998
2000-08-07,1.0064102564102564,1.0057859209257476,1.0091286307053944
2000-07-31,1.0055248618784527,1.0067961165048542,1.00836820083682
2000-07-24,1.0018450184501844,1.0009718172983482,1.0025167785234899
2000-07-17,1.0130841121495326,1.0137931034482757,1.0196749358426007
2000-07-10,0.9944237918215613,0.9931506849315068,0.9965899403239554
2000-07-03,0.9981447124304267,0.9980468749999999,0.9991482112436116
2000-06-26,1.0112570356472794,1.0118577075098814,1.016450216450216
2000-06-19,0.9907063197026024,0.991185112634672,0.9871794871794874
2000-06-12,0.9990714948932222,0.9999999999999999,0.9991460290350128
2000-06-05,1.0046641791044775,1.0049212598425197,1.006878761822872
2000-05-29,1.0219256434699713,1.0221327967806841,1.0264783759929392
2000-05-22,1.0067178502879077,1.0070921985815602,1.0098039215686272
2000-05-15,0.9990412272291467,0.9999999999999998,1.0008920606601248
2000-05-08,1.010658914728682,1.0102354145342884,1.0144796380090495
2000-05-01,0.9671977507029055,0.9663699307616221,0.9583694709453602
2000-04-24,0.9870490286771507,0.9873046874999999,0.9854700854700854
2000-04-17,1.0055813953488373,1.0049067713444553,1.0077519379844961
2000-04-10,0.978161965423112,0.9798076923076924,0.9731768650461022
2000-04-03,1.0157116451016635,1.0146341463414634,1.0187873612297182
2000-03-27,1.0159624413145538,1.0158572844400398,1.020034843205575
2000-03-20,0.9962581852198317,0.9960513326752222,0.9991296779808528
2000-03-13,1.0190657769304097,1.0191146881287725,1.024064171122995
2000-03-06,0.9943127962085309,0.9949949949949948,0.9955634427684119
2000-02-28,1.0066793893129773,1.007056451612903,1.0089525514771711
2000-02-21,0.9868173258003766,0.9870646766169155,0.9824098504837292
2000-02-14,1.0162679425837318,1.0161779575328613,1.0261732851985559
2000-02-07,1.0057747834456208,1.0050813008130077,1.0081892629663332
2000-01-31,1.0097181729834792,1.010266940451745,1.0166512488436634
2000-01-24,1.0127952755905512,1.0124740124740124,1.0256166982922201
2000-01-17,1.008937437934459,1.0083857442348012,1.0134615384615384
2000-01-10,0.9882237487733072,0.9896265560165973,0.9857819905213272
2000-01-03,1.0069169960474307,1.0062630480167014,1.0076408787010507
1999-12-27,0.9873170731707316,0.9876288659793816,0.9868049010367579
1999-12-20,1.0,0.9999999999999999,0.9339788732394367
1999-12-13,0.9615384615384613,0.971943887775551,0.9659863945578232
1999-12-06,1.006610009442871,1.0060483870967745,1.009442060085837
1999-11-29,1.0085714285714287,1.008130081300813,1.0095320623916815
1999-11-22,0.9840674789128396,0.984984984984985,0.9863247863247864
1999-11-15,0.9861367837338262,0.9861796643632775,0.9831932773109241
1999-11-08,1.0055762081784387,1.0049603174603174,1.0059171597633136
1999-11-01,1.0122295390404514,1.0130653266331662,1.0180722891566267
1999-10-25,1.0201535508637236,1.0194672131147542,1.0274093722369582
1999-10-18,0.9952244508118432,0.9949031600407746,0.99297629499561
1999-10-11,0.9896030245746693,0.9899091826437941,0.9904347826086957
1999-10-04,0.9924953095684803,0.9929859719438877,0.9905254091300603
1999-09-27,0.9907063197026025,0.990079365079365,0.9872448979591835
1999-09-20,1.0084348641049672,1.0080000000000002,1.0120481927710843
1999-09-13,1.0,1.0010010010010009,0.9991401547721408
1999-09-06,1.0009380863039399,1.0020060180541623,1.003451251078516
1999-08-30,0.9971936389148739,0.9960039960039961,0.999137931034483
1999-08-23,0.9925719591457752,0.9930555555555555,0.988074957410562
1999-08-16,1.0074836295603367,1.006993006993007,1.0120689655172417
1999-08-09,1.0075400565504242,1.0070422535211268,1.0095735422106176
1999-08-02,0.9842300556586271,0.9851337958374627,0.983732876712329
1999-07-26,0.9944649446494465,0.9940886699507387,0.9923534409515719
1999-07-19,0.9827742520398913,0.9835271317829457,0.9816513761467889
1999-07-12,1.001816530426885,1.0019417475728154,1.0025083612040135
1999-07-05,1.0147465437788017,1.0137795275590549,1.0187393526405453
1999-06-28,1.008364312267658,1.0089374379344587,1.014693171996543
1999-06-21,0.9944547134935307,0.9940769990128333,0.9922813036020585
1999-06-14,1.0055762081784387,1.005958291956306,1.0086505190311417
1999-06-07,0.983546617915905,0.9843597262952101,0.9804919423240035
1999-05-31,0.9990867579908675,0.9980487804878049,1.0
1999-05-24,0.9811827956989246,0.9818007662835248,0.9784232365145227
1999-05-17,1.009954751131222,1.0077220077220077,1.0143097643097645
1999-05-10,0.9910313901345293,0.9904397705544932,0.9900000000000001
1999-05-03,0.986725663716814,0.9867924528301889,0.9852216748768474
1999-04-26,0.9912280701754388,0.9906542056074767,0.9894394800974816
1999-04-19,0.9956331877729256,0.9962756052141525,0.9959546925566344
1999-04-12,0.9896283491789111,0.9898617511520738,0.9895916733386708
1999-04-05,1.017590149516271,1.0178236397748592,1.020424836601307
1999-03-29,1.0070859167404782,0.9953314659197011,1.0082372322899504
1999-03-22,0.992091388400703,0.9925857275254869,0.9902120717781404
1999-03-15,0.9912891986062717,0.9908172635445363,0.9911075181891674
1999-03-08,1.0123456790123457,1.0130232558139534,1.0155993431855501
1999-03-01,1.0035398230088493,1.0037348272642392,1.004950495049505
1999-02-22,0.9716251074806536,0.9709882139619221,0.9657370517928286
1999-02-15,1.0025862068965519,1.000907441016334,1.0007974481658697
1999-02-08,0.992301112061591,0.9927927927927928,0.9936608557844692
1999-02-01,0.9823529411764705,0.9823008849557523,0.9805749805749806
1999-01-25,0.9941520467836257,0.9947183098591551,0.9930555555555556
1999-01-18,1.0058823529411764,1.0062001771479185,1.0077760497667188
1999-01-11,1.0170940170940173,1.0162016201620165,1.023885350318471
1999-01-04,0.9815436241610737,0.9814487632508835,0.9797191887675507
1998-12-28,1.0050590219224285,1.0044365572315885,0.9786259541984734
1998-12-21,0.9883333333333334,0.9894644424934151,0.9886792452830189
1998-12-14,0.9860312243221033,0.9921602787456446,0.9902840059790733
1998-12-07,1.005785123966942,1.0061349693251533,1.0075301204819278
1998-11-30,0.9983498349834985,0.9982502187226597,0.996996996996997
1998-11-23,1.0193439865433134,1.018716577540107,1.0230414746543781
1998-11-16,0.9974832214765099,0.9973333333333332,1.0015384615384613
1998-11-09,1.0033670033670035,1.0026737967914439,1.0069713400464755
1998-11-02,0.9966442953020135,0.9964476021314385,0.9938414164742108
1998-10-26,0.9892116182572614,0.9903254177660512,0.9885844748858447
1998-10-19,0.9901396877567791,0.9912816041848298,0.990203466465712
1998-10-12,1.018410041841004,1.0204626334519575,1.016858237547893
1998-10-05,0.9439178515007899,0.942162615255658,0.9348137535816619
1998-09-28,1.0462809917355371,1.0437445319335081,1.063214013709063
1998-09-21,0.9983498349834983,0.9999999999999999,0.9946969696969699
1998-09-14,1.0066445182724253,1.0070484581497794,1.0130468150422103
1998-09-07,1.010915197313182,1.0115864527629235,1.0124320124320123
1998-08-31,0.9949874686716789,0.9920424403183024,0.9969016266460109
1998-08-24,1.0195911413969336,1.0226039783001808,1.0221694378463972
1998-08-17,1.0077253218884124,1.0072859744990894,1.008785942492013
1998-08-10,1.001719690455718,1.0009115770282586,1.0048154093097912
1998-08-03,1.0043177892918826,1.0054995417048578,1.0089068825910932
1998-07-27,1.006081668114683,1.0046040515653776,1.0048820179007323
1998-07-20,1.001740644038294,1.0018450184501846,1.0057283142389524
1998-07-13,0.9956672443674177,0.9963235294117646,0.9967373572593802
1998-07-06,0.988013698630137,0.9890909090909091,0.9855305466237941
1998-06-29,1.007765314926661,1.0073260073260073,1.010560519902518
1998-06-22,1.0017286084701813,1.001834862385321,1.0040783034257748
1998-06-15,0.9939862542955323,0.9927140255009108,0.9927125506072878
1998-06-08,1.0201577563540751,1.01949860724234,1.024896265560166
1998-06-01,0.9982502187226597,0.9981464318813716,0.9983429991714996
1998-05-25,1.0088261253309796,1.008411214953271,1.010887772194305
1998-05-18,1.0053238686779062,1.0065851364063971,1.0092983939137783
1998-05-11,1.0134892086330936,1.0123809523809526,1.0137103684661526
1998-05-04,0.9884444444444446,0.9887005649717514,0.9898218829516541
1998-04-27,1.0153429602888089,1.0133587786259541,1.0190146931719963
1998-04-20,0.9831410825199646,0.9840375586854461,0.980508474576271
1998-04-13,0.9999999999999999,1.0018814675446845,1.003401360544218
1998-04-06,0.9877300613496932,0.9860853432282005,0.9874055415617128
1998-03-30,1.016934046345811,1.0198675496688745,1.019691780821918
1998-03-23,0.988546255506608,0.9869281045751634,0.9889923793395426
1998-03-16,0.996488147497805,0.9972067039106148,0.9974662162162163
1998-03-09,1.0124444444444445,1.0122525918944392,1.0163090128755365
1998-03-02,1.0062611806797854,1.005687203791469,1.006914433880726
1998-02-23,0.9867608120035303,0.9878277153558053,0.9872013651877134
1998-02-16,0.9886561954624781,0.9888888888888888,0.9873631002527381
1998-02-09,1.0168589174800358,1.0159924741298212,1.0206362854686155
1998-02-02,0.9903339191564147,0.9906803355079217,0.9897872340425533
1998-01-26,1.0053003533568905,1.004681647940075,1.0051325919589393
1998-01-19,0.9921121822962314,0.9925650557620818,0.9915182357930449
1998-01-12,0.9853195164075994,0.9862511457378551,0.987437185929648
1998-01-05,1.0060816681146825,1.0036798528058875,1.0058972198820557
1997-12-29,1.0203900709219857,1.0216165413533833,1.0241587575496118
1997-12-22,0.9964664310954063,0.9971883786316776,0.9515599343185549
1997-12-15,1.0089126559714796,1.0075542965061375,1.0099502487562189
1997-12-08,1.0172257479601086,1.0153403643336532,1.0194420963651731
1997-12-01,0.9892376681614351,0.990503323836657,0.9891304347826086
1997-11-24,1.006317689530686,1.0057306590257877,1.0084317032040473
1997-11-17,1.0,1.0,1.0025359256128485
1997-11-10,1.0072727272727273,1.0067307692307694,1.010247651579846
1997-11-03,1.0027347310847765,1.0028929604628736,1.003427592116538
1997-10-27,0.9981801637852594,0.9952015355086371,0.9915038232795241
1997-10-20,1.0251865671641789,1.0245821042281218,1.0388349514563107
1997-10-13,0.9999999999999998,1.000984251968504,1.0008833922261484
1997-10-06,0.9807868252516013,0.9835430784123911,0.9800865800865801
1997-09-29,1.0139146567717996,1.0117531831537707,1.016725352112676
1997-09-22,0.9963031423290203,0.9960975609756095,0.9964912280701752
1997-09-15,1.0246212121212122,1.021934197407777,1.0288808664259927
1997-09-08,1.004757373929591,1.004004004004004,1.0054446460980035
1997-09-01,0.996208530805687,0.9970059880239522,0.9972850678733031
1997-08-25,1.0105363984674334,1.0100806451612905,1.0137614678899083
1997-08-18,0.9839773798303486,0.9851042701092353,0.9828674481514876
1997-08-11,1.012404580152672,1.0110441767068274,1.0146386093321134
1997-08-04,0.9812734082397004,0.9841897233201583,0.9811490125673249
1997-07-28,0.9925650557620819,0.994106090373281,0.9955317247542449
1997-07-21,1.0150943396226417,1.0119284294234592,1.015426497277677
1997-07-14,1.0,1.0000000000000002,1.0009082652134422
1997-07-07,1.0028382213812677,1.00199203187251,1.0054794520547947
1997-06-30,1.0242248062015502,1.0213631739572737,1.0272045028142587
1997-06-23,0.9904030710172746,0.9909274193548387,0.9888682745825602
1997-06-16,1.0009606147934675,1.0010090817356205,1.0018587360594797
1997-06-09,1.0126459143968873,1.0122574055158322,1.0179754020813623
1997-06-02,1.0088321884200195,1.0072016460905349,1.0105162523900575
1997-05-26,1.0149402390438247,1.0125000000000002,1.0165208940719146
1997-05-19,0.9881889763779527,0.9896907216494847,0.9875239923224567
1997-05-12,0.9951028403525954,0.9958932238193018,0.9971291866028709
1997-05-05,1.0019627085377827,1.0020576131687244,1.0038424591738713
1997-04-28,1.0241206030150753,1.0231578947368423,1.027640671273445
1997-04-21,0.9979939819458375,0.9978991596638656,0.9980295566502463
1997-04-14,1.0070707070707068,1.0084745762711866,1.0119641076769692
1997-04-07,0.990990990990991,0.9905561385099685,0.9920870425321464
1997-03-31,1.004020100502513,1.003157894736842,1.0029761904761905
1997-03-24,0.9841740850642927,0.9834368530020704,0.9843749999999999
1997-03-17,1.0029761904761905,1.0031152647975077,1.0039215686274512
1997-03-10,0.9872673849167483,0.9866803278688526,0.9855072463768115
1997-03-03,0.9999999999999999,1.0,1.0019361084220717
1997-02-24,0.9826756496631376,0.9828801611278951,0.9810066476733144
1997-02-17,0.9885823025689819,0.9890438247011952,0.9887323943661971
1997-02-10,1.0105769230769228,1.0110775427995973,1.0142857142857142
1997-02-03,1.0038610038610039,1.0040444893832152,1.0047846889952152
1997-01-27,1.0216962524654831,1.0206398348813208,1.0245098039215685
1997-01-20,0.9892682926829267,0.9897854954034729,0.9883720930232556
1997-01-13,1.0029354207436398,1.0030737704918031,1.0058479532163742
1997-01-06,0.991270611057226,0.9918699186991872,0.9903474903474904
1996-12-30,0.9772511848341232,0.9771598808341609,0.975517890772128
1996-12-23,1.0038058991436727,1.0039880358923232,0.9851576994434137
1996-12-16,1.0067049808429123,1.0060180541624872,1.008419083255379
1996-12-09,0.983050847457627,0.9842053307008884,0.9843462246777164
1996-12-02,0.987906976744186,0.9873294346978557,0.9863760217983649
1996-11-25,1.0056127221702527,1.0058823529411764,1.0073193046660567
1996-11-18,1.0056444026340545,1.0049261083743841,1.0073732718894008
1996-11-11,1.0066287878787878,1.0069444444444442,1.0074280408542247
1996-11-04,1.0095602294455068,1.009009009009009,1.013170272812794
1996-10-28,1.0194931773879143,1.0193877551020405,1.021133525456292
1996-10-21,0.9980544747081713,0.9979633401221998,1.0
1996-10-14,1.0048875855327468,1.0040899795501024,1.0057971014492755
1996-10-07,0.9922405431619787,0.9939024390243901,0.9932821497120923
1996-09-30,1.0177690029615003,1.0175801447776627,1.0205680705190987
1996-09-23,1.011988011988012,1.0115062761506275,1.0139026812313803
1996-09-16,0.9930555555555555,0.9917012448132783,0.9911417322834648
1996-09-09,1.0140845070422537,1.0147368421052634,1.0170170170170172
1996-09-02,0.9989949748743719,0.9989484752891691,1.0000000000000002
1996-08-26,0.9920239282153539,0.9926931106471816,0.9930417495029819
1996-08-19,0.9785365853658536,0.9785495403472934,0.9776482021379981
1996-08-12,0.9884281581485055,0.9898887765419615,0.9894230769230768
1996-08-05,1.0038722168441432,1.0030425963488845,1.0038610038610039
1996-07-29,1.0340340340340342,1.0346274921301157,1.0380761523046091
1996-07-22,0.9940298507462686,0.9937434827945776,0.9910625620655412
1996-07-15,1.0060060060060063,1.006295907660021,1.0070000000000001
1996-07-08,1.011133603238867,1.0127523910733263,1.0131712259371832
1996-07-01,0.9743589743589745,0.9711042311661507,0.9695481335952847
1996-06-24,1.0201207243460768,1.0221518987341771,1.022088353413655
1996-06-17,0.9979919678714858,0.9978947368421052,0.9979959919839682
1996-06-10,1.004032258064516,1.0052910052910053,1.0030150753768847
1996-06-03,0.9920000000000002,0.9916054564533052,0.995
1996-05-27,0.9832841691248771,0.9824742268041238,0.9871668311944717
1996-05-20,0.9980372914622179,0.998970133882595,0.9980295566502466
1996-05-13,1.0079129574678536,1.0093555093555096,1.0079443892750743
1996-05-06,1.0150602409638552,1.0158394931362194,1.0120603015075376
1996-04-29,0.9755142017629777,0.9752832131822862,0.9812623274161737
1996-04-22,0.9931906614785994,0.993858751279427,0.9970501474926253
1996-04-15,1.0019493177387915,1.0010245901639345,1.0
1996-04-08,1.0108374384236454,1.0124481327800832,1.000984251968504
1996-04-01,0.9759615384615384,0.9737373737373738,0.9980353634577603
1996-03-25,0.9904761904761906,0.9890109890109889,0.9902723735408561
1996-03-18,1.012536162005786,1.0141843971631206,1.0019493177387915
1996-03-11,0.9913957934990438,0.9889779559118236,1.0
1996-03-04,0.9694161260426323,0.9679922405431619,0.9980544747081712
1996-02-26,1.0131455399061036,1.011776251226693,1.0009737098344693
1996-02-19,0.9916201117318436,0.9931773879142302,1.0009746588693957
1996-02-12,0.9615040286481646,0.9624765478424013,0.9990262901655307
1996-02-05,1.0054005400540054,1.0066100094428707,1.0009746588693957
1996-01-29,0.9955197132616489,0.995300751879699,1.0009756097560976
1996-01-22,0.9937666963490649,0.9953227315247897,1.0
1996-01-15,1.0117117117117118,1.0113528855250709,0.9893822393822395
1996-01-08,0.9875444839857651,0.988774555659495,1.0127077223851417
1996-01-01,0.9920564872021181,0.9925719591457753,1.0
1995-12-25,1.0089047195013356,0.9889807162534435,0.9596622889305817
1995-12-18,1.0181323662737987,1.015858208955224,1.0018796992481203
1995-12-11,0.9830659536541889,0.9843893480257117,1.0
1995-12-04,0.9973333333333333,0.9963403476669717,1.0009407337723424
1995-11-27,1.0236578707916288,1.0234082397003748,1.0028301886792454
1995-11-20,1.0045703839122486,1.004703668861712,1.0009442870632672
1995-11-13,1.0,0.9990601503759398,1.0009451795841207
1995-11-06,1.0009149130832573,0.9999999999999999,1.0
1995-10-30,1.0083025830258305,1.0075757575757576,1.0018939393939394
1995-10-23,1.0018484288354896,1.003802281368821,1.0009478672985779
1995-10-16,0.9935720844811754,0.9943289224952743,1.0009487666034158
1995-10-09,1.0130232558139534,1.0114722753346082,1.0009496676163343
1995-10-02,1.0093896713615025,1.0096525096525097,1.0019029495718361
1995-09-25,1.0104364326375712,1.0107317073170732,1.0019065776930411
1995-09-18,0.9952785646836638,0.9941804073714838,1.0
1995-09-11,1.002840909090909,1.0038948393378773,1.0009541984732824
1995-09-04,0.995287464655985,0.9951550387596898,1.0009551098376313
1995-08-28,1.0153110047846892,1.0167487684729064,1.0019138755980863
1995-08-21,1.017526777020448,1.016016016016016,1.0028790786948174
1995-08-14,1.011822660098522,1.0111336032388663,1.001923076923077
1995-08-07,0.9835271317829458,0.9850448654037888,0.9990393852065322
1995-07-31,0.9980657640232109,0.997017892644135,1.0009615384615385
1995-07-24,1.0029097963142581,1.003992015968064,1.0009624639076031
1995-07-17,0.9772511848341231,0.978515625,0.9990384615384614
1995-07-10,0.9832246039142591,0.983669548511047,0.9990393852065322
1995-07-03,1.0141776937618148,1.0146198830409356,1.0028901734104045
1995-06-26,0.9906367041198502,0.991304347826087,0.9999999999999998
1995-06-19,1.00187617260788,1.0019361084220717,1.0009643201542913
1995-06-12,1.0181470869149951,1.017733990147783,1.0038722168441432
1995-06-05,0.9775910364145659,0.9787849566055931,0.9971042471042472
1995-05-29,1.0170940170940173,1.0166666666666668,1.0029041626331072
1995-05-22,1.0263157894736843,1.0251256281407035,1.0078048780487807
1995-05-15,1.0019531249999998,1.002014098690836,1.0
1995-05-08,1.0068829891838742,1.0081218274111676,1.0039177277179236
1995-05-01,1.031440162271805,1.033578174186778,1.01592039800995
1995-04-24,0.9959595959595958,0.9958202716823406,0.9980139026812314
1995-04-17,1.007121057985758,1.0063091482649846,1.0029880478087652
1995-04-10,1.0010183299389002,1.0031645569620253,1.0050050050050052
1995-04-03,1.0000000000000002,0.9978947368421053,0.998001998001998
1995-03-27,0.9949341438703143,0.9968520461699897,0.9970119521912352
1995-03-20,1.007142857142857,1.0063357972544877,1.005005005005005
1995-03-13,1.0040983606557377,1.0042417815482505,1.0020060180541626
1995-03-06,1.0145530145530144,1.015069967707212,1.0121827411167514
1995-02-27,0.988694758478931,0.9882978723404253,0.9929435483870968
1995-02-20,1.012486992715921,1.0129310344827587,1.0112130479102954
1995-02-13,1.0062827225130888,1.0054171180931744,1.0071868583162216
1995-02-06,0.9937565036420398,0.9935414424111949,0.9969293756397135
1995-01-30,1.009453781512605,1.0119825708061003,1.0072164948453608
1995-01-23,1.0138445154419593,1.0166112956810631,1.0104166666666667
1995-01-16,0.9905063291139241,0.9890470974808322,0.9948186528497409
1995-01-09,1.009584664536741,1.0099557522123894,1.0094142259414227
1995-01-02,1.0010660980810233,1.0033296337402886,1.0
1994-12-26,0.9884088514225501,0.975108225108225,0.9381746810598626
1994-12-19,1.0052966101694918,1.008733624454148,1.0029527559055118
1994-12-12,1.005324813631523,1.0065934065934066,1.0029615004935835
1994-12-05,1.0,1.001100110011001,1.0
1994-11-28,1.0021344717182499,1.0055309734513276,1.0039643211100098
1994-11-21,1.0118790496760257,1.0157303370786515,1.002982107355865
1994-11-14,0.9946294307196564,0.9955257270693512,0.9580952380952381
1994-11-07,1.0075757575757576,1.007891770011274,1.048951048951049
1994-10-31,0.9850746268656715,0.9811946902654869,0.994041708043694
1994-10-24,1.004282655246253,1.007803790412486,1.0009940357852882
1994-10-17,0.9852320675105485,0.9824753559693318,0.9950544015825916
1994-10-10,1.0063694267515921,1.0088397790055246,1.0029761904761902
1994-10-03,0.996825396825397,0.9955995599559957,1.0
1994-09-26,0.9957850368809272,0.9934426229508195,0.9990089197224975
1994-09-19,0.9947589098532498,0.9945652173913044,0.9980217606330366
1994-09-12,0.9968652037617554,0.9978308026030367,1.0
1994-09-05,0.9876160990712074,0.9829424307036247,0.9950787401574803
1994-08-29,0.9979402677651902,0.9957537154989383,1.0
1994-08-22,1.0051759834368532,1.0053361792956244,1.0029615004935837
1994-08-15,0.9979338842975207,0.9957492029755579,1.0009881422924904
1994-08-08,0.9958847736625513,0.993664202745512,0.9990128331688052
1994-08-01,0.9898167006109979,0.9874869655891554,0.9970472440944881
1994-07-25,1.0102880658436213,1.0137420718816068,1.005940594059406
1994-07-18,0.9979466119096513,1.0010582010582012,0.9990108803165183
1994-07-11,1.0156412930135559,1.0183189655172413,1.0099900099900099
1994-07-04,0.9886597938144329,0.9882854100106496,0.9960199004975123
1994-06-27,0.9938524590163935,0.993650793650794,0.9960356788899902
1994-06-20,0.9959183673469385,0.9947368421052633,1.0009920634920637
1994-06-13,0.9919028340080971,0.9916492693110648,0.9970326409495551
1994-06-06,0.9880000000000001,0.9866117404737382,0.9960591133004926
1994-05-30,1.0193679918450562,1.0221052631578946,1.0089463220675945
1994-05-23,0.9999999999999999,1.0010537407797684,1.0019920318725102
1994-05-16,1.0020429009193057,1.0010548523206753,1.0029970029970028
1994-05-09,1.0113636363636362,1.0139037433155083,1.0080563947633436
1994-05-02,0.979757085020243,0.9739583333333334,0.9890438247011955
1994-04-25,0.9860279441117766,0.9846153846153846,0.9940594059405939
1994-04-18,1.0193285859613428,1.0241596638655464,1.008991008991009
1994-04-11,0.9879396984924622,0.9855072463768116,0.9980059820538384
1994-04-04,1.0142711518858307,1.017913593256059,1.0009980039920159
1994-03-28,0.9646017699115045,0.9537688442211056,0.9990029910269193
1994-03-21,0.9960822722820765,0.9950000000000001,1.0009980039920159
1994-03-14,0.9980449657869014,0.999000999000999,1.000999000999001
1994-03-07,0.9893617021276596,0.9871794871794873,1.0
1994-02-28,0.9885277246653918,0.9873417721518987,0.999001996007984
1994-02-21,0.99335232668566,0.9903567984570878,1.0
1994-02-14,0.9878048780487804,0.9857414448669202,1.0
1994-02-07,0.99812734082397,0.9981024667931689,1.000999000999001
1994-01-31,0.983425414364641,0.9804651162790697,0.9980059820538385
1994-01-24,1.0055555555555553,1.0074976569821927,1.0
1994-01-17,1.0037174721189592,1.0037629350893695,1.0009980039920159
1994-01-10,0.9953746530989822,0.992530345471522,1.000999000999001
1994-01-03,1.0159774436090225,1.0200000000000002,1.002002002002002
1993-12-27,0.9842738205365402,0.9686346863468634,0.9532442748091603
1993-12-20,1.0083955223880596,1.0102516309412861,1.0009551098376313
1993-12-13,0.9944341372912803,0.9935185185185185,1.0009560229445507
1993-12-06,0.9720468890892696,0.9908256880733946,1.0
1993-11-29,1.0054397098821395,1.0092592592592593,1.0
1993-11-22,1.01007326007326,1.0150375939849625,1.0009569377990433
1993-11-15,0.9855595667870037,0.9815498154981551,1.0
1993-11-08,1.0018083182640145,1.0046339202965713,1.00095785440613
1993-11-01,0.9883824843610367,0.9844890510948902,1.0009587727708533
1993-10-25,0.9937833037300179,0.9918552036199098,0.9990421455938697
1993-10-18,0.9894551845342705,0.9822222222222223,1.0
1993-10-11,1.0008795074758137,1.0035682426404995,1.0
1993-10-04,1.0044169611307419,1.0099099099099098,1.001919385796545
1993-09-27,0.9982363315696651,0.9964093357271094,1.0
1993-09-20,1.0071047957371229,1.0099728014505895,0.9999999999999999
1993-09-13,0.9877192982456142,0.9787045252883761,1.0009606147934678
1993-09-06,0.9982486865148862,0.9991134751773051,1.0
1993-08-30,1.0160142348754448,1.0198915009041591,1.0009615384615385
1993-08-23,1.0107913669064748,1.0146788990825686,1.0019267822736029
1993-08-16,1.004516711833785,1.0036832412523018,1.0009643201542913
1993-08-09,1.0036264732547597,1.0064874884151993,1.000965250965251
1993-08-02,1.0036396724294816,1.0084112149532711,1.001934235976789
1993-07-26,1.0064102564102566,1.0113421550094517,1.0009680542110357
1993-07-19,0.9855595667870036,0.9832713754646842,0.9990328820116054
1993-07-12,1.0045330915684496,1.0093808630393997,1.0
1993-07-05,1.0045537340619304,1.0066100094428705,1.0
1993-06-28,0.9999999999999999,0.9981149858623942,1.0029097963142581
1993-06-21,1.0082644628099173,1.0124045801526715,1.0009708737864078
1993-06-14,1.0036866359447005,1.0047938638542664,1.0
1993-06-07,1.0064935064935066,1.0087040618955514,1.0029211295034082
1993-05-31,0.9990732159406858,0.9990338164251207,0.9990272373540856
1993-05-24,1.0074696545284778,1.012720156555773,1.0009737098344693
1993-05-17,0.996279069767442,0.997073170731707,0.9990272373540855
1993-05-10,0.9889604415823368,0.9846301633045148,0.9980582524271843
1993-05-03,1.0036934441366574,1.0057971014492755,1.0
1993-04-26,1.0,0.9980713596914177,1.0009718172983482
1993-04-19,0.9954044117647058,0.9913957934990438,1.0009727626459144
1993-04-12,1.0027649769585254,1.005769230769231,1.0009737098344693
1993-04-05,1.0168697282099344,1.0256410256410255,1.0019512195121951
1993-03-29,0.9953358208955223,0.9892682926829269,1.0009765625
1993-03-22,0.9907578558225508,0.9922555663117133,1.0
1993-03-15,1.0083876980428705,1.0097751710654939,1.0029382957884427
1993-03-08,0.9808043875685558,0.9770773638968482,0.9990215264187867
1993-03-01,1.007366482504604,1.0106177606177604,0.9990224828934506
1993-02-22,1.0092936802973977,1.0087633885102236,1.0029411764705884
1993-02-15,1.0150943396226415,1.0208747514910534,1.0019646365422394
1993-02-08,0.9971777986829726,0.9980158730158731,1.0009832841691249
1993-02-01,1.0047258979206048,1.0039840637450201,1.0009842519685042
1993-01-25,1.0047483380816715,1.002997002997003,1.0019723865877712
1993-01-18,1.0086206896551724,1.0141843971631204,1.0019762845849804
1993-01-11,1.008695652173913,1.0123076923076921,1.0029732408325074
1993-01-04,0.9932821497120923,0.9858442871587462,1.0
1992-12-28,1.0067632850241546,1.0071283095723014,0.901697944593387
1992-12-21,0.999034749034749,0.9989827060020346,1.0008944543828262
1992-12-14,1.0048496605237633,1.0082051282051283,1.0035906642728902
1992-12-07,0.9772511848341231,0.9429400386847194,0.9982078853046596
1992-11-30,1.0115052732502396,1.014720314033366,1.0072202166064983
1992-11-23,0.9971319311663479,0.9960899315738023,0.9981981981981982
1992-11-16,0.9971401334604386,0.9990234375,1.0009017132551847
1992-11-09,1.0096246390760346,1.0138613861386139,1.0036199095022622
1992-11-02,0.9933078393881453,0.9931170108161258,0.9972924187725632
1992-10-26,0.9971401334604386,0.99901768172888,0.9990982867448152
1992-10-19,0.9905571293673275,0.9902723735408561,0.9973021582733813
1992-10-12,0.9934333958724202,0.9951597289448209,0.9982046678635547
1992-10-05,0.9843028624192057,0.982873453853473,0.9955317247542449
1992-09-28,1.0027777777777778,1.0019065776930411,1.001790510295434
1992-09-21,1.0027855153203342,1.0009541984732824,1.0
1992-09-14,0.992626728110599,0.9914853358561968,1.0
1992-09-07,0.9954128440366972,0.9943555973659455,1.0008960573476702
1992-08-31,1.021555763823805,1.0240847784200384,1.0026954177897573
1992-08-24,1.0037629350893693,1.001930501930502,1.0008992805755397
1992-08-17,0.9943872778297477,0.9942418426103644,1.0018018018018018
1992-08-10,0.9944186046511627,0.9923809523809525,0.9990999099909991
1992-08-03,1.0093896713615025,1.0125361620057862,1.0036133694670282
1992-07-27,1.0009398496240602,1.0048449612403099,1.0036264732547597
1992-07-20,1.012369172216936,1.014749262536873,1.0091491308325713
1992-07-13,1.0038204393505255,1.0019704433497536,1.001833180568286
1992-07-06,0.9961941008563273,0.9931506849315067,0.997257769652651
1992-06-29,1.0135004821600773,1.0169154228855724,1.0101569713758078
1992-06-22,1.0058195926285158,1.006006006006006,1.0055710306406687
1992-06-15,1.001943634596696,1.0020060180541623,1.001860465116279
1992-06-08,1.0009727626459144,1.0,1.0000000000000002
1992-06-01,1.0058708414872797,1.005040322580645,1.0046728971962617
1992-05-25,1.0029440628066733,1.0030333670374112,1.0028116213683225
1992-05-18,0.9883608147429679,0.9880119880119883,0.9934823091247673
1992-05-11,1.00880626223092,1.0070422535211265,1.0065604498594192
1992-05-04,1.0088845014807504,1.014285714285714,1.0132953466286798
1992-04-27,1.0039643211100098,1.005128205128205,1.0066921606118546
1992-04-20,0.9960513326752221,0.9938837920489295,0.9961904761904764
1992-04-13,0.9854085603112842,0.9819819819819822,0.9877704609595483
1992-04-06,1.00587084148728,1.005030181086519,1.0047258979206053
1992-03-30,1.0088845014807502,1.0070921985815602,1.004748338081671
1992-03-23,1.0069582504970178,1.0071428571428571,1.0076555023923446
1992-03-16,0.9970267591674926,1.0030706243602865,1.0038424591738715
1992-03-09,0.9815175097276264,0.9819095477386933,0.9867298578199052
1992-03-02,0.9970902036857419,1.0030241935483872,1.0028517110266162
1992-02-24,1.0058536585365854,0.992992992992993,1.0066985645933018
1992-02-17,0.9970817120622569,1.0020060180541626,1.0009578544061304
1992-02-10,0.9846743295019157,0.9842053307008883,0.9886363636363634
1992-02-03,1.0096711798839457,1.0029702970297032,1.0038022813688212
1992-01-27,0.9904214559386973,0.9882583170254402,0.9952696310312205
1992-01-20,0.9886363636363634,0.991270611057226,0.9943555973659453
1992-01-13,0.9906191369606002,0.9903938520653219,0.9971857410881801
1992-01-06,0.9944029850746268,0.9904852521408183,0.9962616822429906
1991-12-30,0.9972093023255814,1.001906577693041,0.99906629318394
1991-12-23,1.0084427767354598,1.0067178502879077,0.9313043478260872
1991-12-16,1.0210727969348659,1.0276134122287968,1.013215859030837
1991-12-09,1.0,1.0,1.0017652250661957
1991-12-02,1.0057803468208093,1.014,1.0035429583702393
1991-11-25,1.0097276264591442,1.0070493454179255,1.010743061772605
1991-11-18,0.9903660886319845,0.9841427155599605,0.9928888888888887
1991-11-11,1.0038684719535784,1.0019860973187686,1.0017809439002672
1991-11-04,1.0058365758754861,1.008008008008008,1.0062724014336921
1991-10-28,1.0088321884200198,1.0060422960725075,1.0054054054054056
1991-10-21,0.99706457925636,1.0040444893832152,1.0036166365280288
1991-10-14,0.991270611057226,0.9850597609561754,0.9928186714542191
1991-10-07,0.9932562620423891,0.9901380670611437,0.9982078853046596
1991-09-30,1.0058139534883723,1.002967359050445,1.001795332136445
1991-09-23,1.006829268292683,1.006972111553785,1.0045085662759243
1991-09-16,1.0029354207436398,1.0039999999999998,1.0036199095022624
1991-09-09,1.0059055118110236,1.006036217303823,1.0045454545454546
1991-09-02,1.0029615004935835,1.005055611729019,1.0054844606946984
1991-08-26,1.0099700897308073,1.0112474437627812,1.011090573012939
1991-08-19,0.9940535183349852,0.9949135300101728,0.9990766389658357
1991-08-12,1.009,1.0092402464065708,1.0083798882681565
1991-08-05,1.0030090270812435,1.0010277492291881,1.0028011204481793
1991-07-29,1.0091093117408907,1.0156576200417538,1.0161290322580647
1991-07-22,1.0071355759429153,1.0084210526315787,1.0095785440613028
1991-07-15,1.0,0.9978991596638654,1.000958772770853
1991-07-08,1.0061538461538462,1.0074074074074073,1.006756756756757
1991-07-01,0.9938837920489296,0.9926470588235294,0.996153846153846
1991-06-24,1.0061538461538462,1.0074074074074075,1.0077519379844961
1991-06-17,0.9969325153374232,0.9968354430379746,1.0
1991-06-10,1.0,1.0,1.0009699321047525
1991-06-03,0.9898785425101214,0.9885297184567255,0.9913461538461539
1991-05-27,0.9939637826961774,0.993782383419689,0.996168582375479
1991-05-20,1.0,1.0010373443983402,1.0019193857965452
1991-05-13,1.0,0.9989637305699482,0.9999999999999998
1991-05-06,0.9939999999999999,0.9927983539094649,0.9961759082217974
1991-04-29,0.9999999999999999,1.0010298661174049,1.00287631831256
1991-04-22,1.006036217303823,1.007261410788382,1.0057859209257476
1991-04-15,0.9851337958374629,0.9816700610997963,0.9913957934990438
1991-04-08,1.0029821073558645,1.0051177072671442,1.0038387715930903
1991-04-01,1.0090270812437312,1.0092975206611567,1.005791505791506
1991-03-25,1.0060544904137236,1.0062370062370063,1.0048496605237631
1991-03-18,0.9999999999999999,1.0020833333333332,1.0029182879377432
1991-03-11,0.9939819458375124,0.9917355371900825,0.9951597289448211
1991-03-04,1.0030181086519117,1.0041493775933608,1.0048638132295722
1991-02-25,0.9783464566929133,0.9786802030456854,0.9903660886319844
1991-02-18,0.9941291585127202,0.9929435483870966,0.998076923076923
1991-02-11,0.9970731707317074,0.9979879275653925,0.9980806142034548
1991-02-04,1.0058881256133463,1.005055611729019,1.0038535645472058
1991-01-28,1.0159521435692922,1.016443987667009,1.0107108081791625
1991-01-21,0.9970178926441351,0.9989733059548254,1.0000000000000002
1991-01-14,1.0182186234817812,1.0177638453500524,1.0088408644400786
1991-01-07,0.9939637826961771,0.9927385892116182,0.9999999999999998
1990-12-31,0.9930069930069929,0.993814432989691,0.999018645731109
1990-12-24,1.0100908173562062,1.0093652445369408,0.9340054995417048
1990-12-17,0.9850894632206759,0.9826175869120654,0.9891205802357207
1990-12-10,0.9930898321816388,0.9949135300101728,0.9972875226039781
1990-12-03,1.019114688128773,1.0228928199791885,1.0231267345050876
1990-11-26,1.006072874493927,1.0052301255230127,1.006517690875233
1990-11-19,1.0071355759429155,1.0105708245243128,1.0093984962406015
1990-11-12,1.003067484662577,1.0031813361611877,1.0123691722169363
1990-11-05,1.0061728395061729,1.0085561497326203,1.045771144278607
1990-10-29,1.0135557872784149,1.019629225736096,0.977626459143969
1990-10-22,0.9958463136033228,0.9924242424242424,0.9922779922779924
1990-10-15,1.0104931794333682,1.0176211453744493,1.018682399213373
1990-10-08,0.9896157840083072,0.9869565217391303,0.9970588235294118
1990-10-01,1.0041710114702815,1.0021786492374727,0.9960937499999999
1990-09-24,1.0223880597014927,1.0326209223847018,1.0332996972754795
1990-09-17,0.9904963041182682,0.988876529477197,0.9909999999999999
1990-09-10,0.996842105263158,0.9933701657458562,0.9930486593843099
1990-09-03,1.0031678986272439,1.0044395116537181,1.007
1990-08-27,1.0,1.0,0.9999999999999999
1990-08-20,0.9937040923399791,0.9922907488986783,0.9950248756218903
1990-08-13,0.9896157840083072,0.9912663755458516,0.9901477832512315
1990-08-06,0.9999999999999999,0.9989094874591058,0.9980334316617502
1990-07-30,0.9717457114026238,0.9612159329140461,0.9722753346080305
1990-07-23,1.0101936799184505,1.0148936170212768,1.015533980582524
1990-07-16,0.9969512195121953,0.9936575052854122,0.9932497589199615
1990-07-09,1.0092307692307696,1.0085287846481876,1.010721247563353
1990-07-02,0.9868421052631579,0.9863301787592009,0.9893924783027965
1990-06-25,1.0133333333333334,1.0149413020277478,1.0156709108716941
1990-06-18,0.9938837920489296,0.9904862579281182,0.9922254616132169
1990-06-11,0.9969512195121952,0.9978902953586498,1.0
1990-06-04,0.9979716024340771,0.9968454258675079,0.9990291262135923
1990-05-28,1.016494845360825,1.02258064516129,1.021825396825397
1990-05-21,1.0041407867494825,1.0054054054054054,1.0069930069930069
1990-05-14,0.990769230769231,0.9882478632478633,0.9891304347826088
1990-05-07,1.0198744769874475,1.024070021881838,1.0263691683569982
1990-04-30,1.0127118644067798,1.0133037694013305,1.0164948453608247
1990-04-23,0.9968321013727558,0.9966850828729283,0.998970133882595
1990-04-16,0.9772961816305471,0.9720730397422126,0.9788306451612903
1990-04-09,0.9928278688524589,0.9914802981895635,0.9949849548645938
1990-04-02,1.006185567010309,1.0053533190578159,1.0091093117408905
1990-03-26,0.9887869520897044,0.9841938883034774,0.9899799599198399
1990-03-19,1.0071868583162216,1.0085015940488844,1.0060483870967742
1990-03-12,1.0041237113402064,1.0042689434364995,1.008130081300813
1990-03-05,1.0010319917440662,1.0042872454448017,1.0020366598778003
1990-02-26,0.9867617107942972,0.9841772151898734,0.9899193548387097
1990-02-19,1.0123711340206187,1.0149892933618843,1.013278855975485
1990-02-12,0.9817813765182185,0.9800629590766001,0.9859013091641489
1990-02-05,1.0061099796334017,1.0063357972544877,1.006079027355623
1990-01-29,0.9979674796747966,0.9989451476793247,1.0020304568527918
1990-01-22,0.984984984984985,0.9813664596273294,0.9919436052366566
1990-01-15,0.9900891972249753,0.9887410440122826,0.996987951807229
1990-01-08,0.9950690335305719,0.9918781725888326,1.0
1990-01-01,0.9950932286555448,0.9919436052366566,0.998996990972919
1989-12-25,0.9990196078431374,0.9989939637826963,0.9121683440073196
1989-12-18,0.9874152952565345,0.9831849653808109,0.9963536918869643
1989-12-11,1.0058422590068161,1.0069721115537846,1.0036596523330286
1989-12-04,0.9980563654033042,0.9970208540218468,1.0009157509157507
1989-11-27,1.0019474196689386,1.0049900199600794,1.0027548209366393
1989-11-20,1.0000000000000002,1.0009990009990009,1.0009191176470589
1989-11-13,0.9990272373540855,0.9970119521912352,1.0000000000000002
1989-11-06,1.0048875855327468,1.0070210631895684,1.004616805170822
1989-10-30,0.9980487804878051,1.0,1.0009242144177448
1989-10-23,0.9980525803310616,0.9979979979979979,1.0027803521779426
1989-10-16,1.0009746588693957,1.0040201005025124,1.001857010213556
1989-10-09,1.0039138943248531,1.002014098690836,1.0027932960893855
1989-10-02,1.0199600798403194,1.0216049382716046,1.0103480714957667
